Datetime,Open,High,Low,Close,Symbol,Adj Close,Volume
2023-07-07 14:17:00+05:30,3284.0,3284.0,3284.0,3284.0,JKCEMENT,3284.0,0
2023-07-07 14:18:00+05:30,3282.25,3286.050048828125,3282.25,3286.050048828125,JKCEMENT,3286.050048828125,274
2023-07-07 14:19:00+05:30,3286.0,3289.39990234375,3286.0,3289.39990234375,JKCEMENT,3289.39990234375,1056
2023-07-07 14:20:00+05:30,3289.949951171875,3290.949951171875,3288.35009765625,3288.35009765625,JKCEMENT,3288.35009765625,61
2023-07-07 14:21:00+05:30,3286.300048828125,3286.300048828125,3286.300048828125,3286.300048828125,JKCEMENT,3286.300048828125,1
2023-07-07 14:22:00+05:30,3287.050048828125,3287.050048828125,3287.050048828125,3287.050048828125,JKCEMENT,3287.050048828125,0
2023-07-07 14:23:00+05:30,3287.0,3287.0,3284.800048828125,3286.550048828125,JKCEMENT,3286.550048828125,138
2023-07-07 14:24:00+05:30,3283.10009765625,3283.10009765625,3283.10009765625,3283.10009765625,JKCEMENT,3283.10009765625,14
2023-07-07 14:25:00+05:30,3280.050048828125,3282.85009765625,3280.050048828125,3282.14990234375,JKCEMENT,3282.14990234375,145
2023-07-07 14:26:00+05:30,3282.199951171875,3282.199951171875,3282.199951171875,3282.199951171875,JKCEMENT,3282.199951171875,1
2023-07-07 14:27:00+05:30,3280.14990234375,3283.89990234375,3280.0,3280.0,JKCEMENT,3280.0,2058
2023-07-07 14:28:00+05:30,3282.25,3283.0,3280.0,3280.0,JKCEMENT,3280.0,4635
2023-07-07 14:29:00+05:30,3280.0,3283.050048828125,3280.0,3283.050048828125,JKCEMENT,3283.050048828125,15421
2023-07-07 14:30:00+05:30,3280.0,3283.0,3276.050048828125,3277.0,JKCEMENT,3277.0,7087
2023-07-07 14:32:00+05:30,3279.39990234375,3279.39990234375,3277.0,3277.0,JKCEMENT,3277.0,211
2023-07-07 14:33:00+05:30,3277.0,3277.050048828125,3276.35009765625,3277.0,JKCEMENT,3277.0,215
2023-07-07 14:34:00+05:30,3279.64990234375,3280.300048828125,3278.949951171875,3278.949951171875,JKCEMENT,3278.949951171875,162
2023-07-07 14:35:00+05:30,3283.0,3283.0,3283.0,3283.0,JKCEMENT,3283.0,0
2023-07-07 14:36:00+05:30,3282.949951171875,3283.0,3282.949951171875,3283.0,JKCEMENT,3283.0,34
2023-07-07 14:37:00+05:30,3283.0,3286.60009765625,3283.0,3286.60009765625,JKCEMENT,3286.60009765625,98
2023-07-07 14:38:00+05:30,3292.25,3292.25,3292.25,3292.25,JKCEMENT,3292.25,0
2023-07-07 14:39:00+05:30,3292.25,3293.39990234375,3291.89990234375,3293.39990234375,JKCEMENT,3293.39990234375,82
2023-07-07 14:40:00+05:30,3290.75,3291.85009765625,3290.75,3291.550048828125,JKCEMENT,3291.550048828125,14
2023-07-07 14:42:00+05:30,3293.25,3294.35009765625,3292.699951171875,3292.699951171875,JKCEMENT,3292.699951171875,7
2023-07-07 14:43:00+05:30,3290.199951171875,3293.39990234375,3290.199951171875,3293.39990234375,JKCEMENT,3293.39990234375,216
2023-07-07 14:44:00+05:30,3292.85009765625,3293.449951171875,3291.699951171875,3292.699951171875,JKCEMENT,3292.699951171875,151
2023-07-07 14:45:00+05:30,3294.35009765625,3295.0,3294.35009765625,3295.0,JKCEMENT,3295.0,72
2023-07-07 14:46:00+05:30,3292.14990234375,3292.25,3292.14990234375,3292.25,JKCEMENT,3292.25,12
2023-07-07 14:48:00+05:30,3292.25,3292.25,3291.75,3291.75,JKCEMENT,3291.75,38
2023-07-07 14:49:00+05:30,3292.050048828125,3293.85009765625,3292.050048828125,3293.85009765625,JKCEMENT,3293.85009765625,87
2023-07-07 14:50:00+05:30,3293.85009765625,3293.85009765625,3291.0,3291.0,JKCEMENT,3291.0,146
2023-07-07 14:51:00+05:30,3289.39990234375,3289.39990234375,3288.35009765625,3288.35009765625,JKCEMENT,3288.35009765625,28
2023-07-07 14:52:00+05:30,3288.199951171875,3288.199951171875,3288.199951171875,3288.199951171875,JKCEMENT,3288.199951171875,24
2023-07-07 14:53:00+05:30,3288.949951171875,3292.949951171875,3288.949951171875,3292.949951171875,JKCEMENT,3292.949951171875,19
2023-07-07 14:54:00+05:30,3290.60009765625,3292.39990234375,3289.35009765625,3289.35009765625,JKCEMENT,3289.35009765625,74
2023-07-07 14:55:00+05:30,3292.050048828125,3292.89990234375,3290.60009765625,3292.5,JKCEMENT,3292.5,100
2023-07-07 14:56:00+05:30,3294.85009765625,3295.25,3293.550048828125,3293.550048828125,JKCEMENT,3293.550048828125,21
2023-07-07 14:57:00+05:30,3293.550048828125,3295.0,3293.5,3295.0,JKCEMENT,3295.0,13
2023-07-07 14:58:00+05:30,3292.85009765625,3293.35009765625,3292.85009765625,3293.35009765625,JKCEMENT,3293.35009765625,50
2023-07-07 14:59:00+05:30,3291.800048828125,3293.75,3291.800048828125,3293.75,JKCEMENT,3293.75,42
2023-07-07 15:00:00+05:30,3293.64990234375,3293.75,3289.25,3291.39990234375,JKCEMENT,3291.39990234375,193
2023-07-07 15:01:00+05:30,3288.5,3288.5,3285.0,3285.0,JKCEMENT,3285.0,89
2023-07-07 15:02:00+05:30,3285.449951171875,3286.14990234375,3284.050048828125,3286.14990234375,JKCEMENT,3286.14990234375,67
2023-07-07 15:03:00+05:30,3287.449951171875,3290.25,3287.449951171875,3290.25,JKCEMENT,3290.25,137
2023-07-07 15:04:00+05:30,3292.0,3292.0,3287.050048828125,3289.25,JKCEMENT,3289.25,202
2023-07-07 15:05:00+05:30,3290.85009765625,3291.300048828125,3288.0,3288.0,JKCEMENT,3288.0,249
2023-07-07 15:06:00+05:30,3289.699951171875,3289.699951171875,3286.0,3286.300048828125,JKCEMENT,3286.300048828125,404
2023-07-07 15:07:00+05:30,3287.0,3290.699951171875,3287.0,3290.699951171875,JKCEMENT,3290.699951171875,237
2023-07-07 15:08:00+05:30,3291.199951171875,3291.199951171875,3290.949951171875,3290.949951171875,JKCEMENT,3290.949951171875,21
2023-07-07 15:09:00+05:30,3289.449951171875,3291.199951171875,3288.60009765625,3289.14990234375,JKCEMENT,3289.14990234375,511
2023-07-07 15:10:00+05:30,3291.75,3292.0,3289.60009765625,3289.60009765625,JKCEMENT,3289.60009765625,291
2023-07-07 15:11:00+05:30,3289.199951171875,3289.449951171875,3288.85009765625,3288.85009765625,JKCEMENT,3288.85009765625,102
2023-07-07 15:12:00+05:30,3294.0,3294.89990234375,3294.0,3294.89990234375,JKCEMENT,3294.89990234375,404
2023-07-07 15:13:00+05:30,3294.89990234375,3298.35009765625,3290.60009765625,3294.60009765625,JKCEMENT,3294.60009765625,354
2023-07-07 15:14:00+05:30,3290.89990234375,3293.449951171875,3290.050048828125,3290.449951171875,JKCEMENT,3290.449951171875,248
2023-07-07 15:15:00+05:30,3289.64990234375,3289.89990234375,3284.89990234375,3286.10009765625,JKCEMENT,3286.10009765625,1056
2023-07-07 15:16:00+05:30,3288.89990234375,3289.60009765625,3286.25,3289.60009765625,JKCEMENT,3289.60009765625,468
2023-07-07 15:17:00+05:30,3289.300048828125,3289.300048828125,3285.800048828125,3288.0,JKCEMENT,3288.0,151
2023-07-07 15:18:00+05:30,3288.0,3292.85009765625,3286.5,3291.10009765625,JKCEMENT,3291.10009765625,544
2023-07-07 15:19:00+05:30,3291.85009765625,3291.85009765625,3287.25,3287.75,JKCEMENT,3287.75,246
2023-07-07 15:20:00+05:30,3290.800048828125,3290.800048828125,3285.300048828125,3288.60009765625,JKCEMENT,3288.60009765625,705
2023-07-07 15:21:00+05:30,3291.35009765625,3293.39990234375,3290.85009765625,3293.39990234375,JKCEMENT,3293.39990234375,130
2023-07-07 15:22:00+05:30,3294.60009765625,3294.75,3294.60009765625,3294.75,JKCEMENT,3294.75,83
2023-07-07 15:23:00+05:30,3294.64990234375,3294.64990234375,3290.949951171875,3293.699951171875,JKCEMENT,3293.699951171875,344
2023-07-07 15:24:00+05:30,3294.699951171875,3297.35009765625,3292.89990234375,3294.699951171875,JKCEMENT,3294.699951171875,388
2023-07-07 15:25:00+05:30,3289.300048828125,3296.75,3289.300048828125,3296.5,JKCEMENT,3296.5,225
2023-07-07 15:26:00+05:30,3296.35009765625,3296.35009765625,3294.25,3294.25,JKCEMENT,3294.25,207
2023-07-07 15:27:00+05:30,3291.25,3294.85009765625,3291.25,3294.0,JKCEMENT,3294.0,268
2023-07-07 15:28:00+05:30,3294.0,3294.300048828125,3281.050048828125,3285.0,JKCEMENT,3285.0,321
2023-07-07 15:29:00+05:30,3281.050048828125,3302.0,3281.050048828125,3290.35009765625,JKCEMENT,3290.35009765625,174
2023-07-10 09:15:00+05:30,3290.25,3290.25,3284.35009765625,3284.35009765625,JKCEMENT,3284.35009765625,0
2023-07-10 09:16:00+05:30,3288.050048828125,3299.0,3286.0,3299.0,JKCEMENT,3299.0,301
2023-07-10 09:17:00+05:30,3294.550048828125,3294.550048828125,3290.0,3290.0,JKCEMENT,3290.0,340
2023-07-10 09:18:00+05:30,3308.85009765625,3311.800048828125,3308.75,3311.800048828125,JKCEMENT,3311.800048828125,1370
2023-07-10 09:19:00+05:30,3312.800048828125,3317.949951171875,3310.0,3317.949951171875,JKCEMENT,3317.949951171875,315
2023-07-10 09:20:00+05:30,3313.050048828125,3314.25,3312.050048828125,3312.050048828125,JKCEMENT,3312.050048828125,227
2023-07-10 09:21:00+05:30,3313.199951171875,3313.199951171875,3310.5,3311.949951171875,JKCEMENT,3311.949951171875,52
2023-07-10 09:22:00+05:30,3313.050048828125,3313.050048828125,3310.14990234375,3310.14990234375,JKCEMENT,3310.14990234375,39
2023-07-10 09:23:00+05:30,3310.14990234375,3310.14990234375,3310.050048828125,3310.050048828125,JKCEMENT,3310.050048828125,6
2023-07-10 09:24:00+05:30,3310.0,3312.39990234375,3310.0,3311.449951171875,JKCEMENT,3311.449951171875,362
2023-07-10 09:25:00+05:30,3310.39990234375,3312.050048828125,3310.0,3310.10009765625,JKCEMENT,3310.10009765625,69
2023-07-10 09:26:00+05:30,3310.10009765625,3310.10009765625,3310.0,3310.0,JKCEMENT,3310.0,29
2023-07-10 09:27:00+05:30,3312.64990234375,3314.949951171875,3309.0,3310.0,JKCEMENT,3310.0,359
2023-07-10 09:28:00+05:30,3311.050048828125,3312.10009765625,3310.0,3310.0,JKCEMENT,3310.0,145
2023-07-10 09:29:00+05:30,3310.0,3310.0,3308.050048828125,3310.0,JKCEMENT,3310.0,37
2023-07-10 09:30:00+05:30,3310.0,3311.75,3310.0,3310.0,JKCEMENT,3310.0,244
2023-07-10 09:31:00+05:30,3310.0,3310.0,3309.35009765625,3309.35009765625,JKCEMENT,3309.35009765625,11
2023-07-10 09:32:00+05:30,3310.0,3311.35009765625,3310.0,3311.35009765625,JKCEMENT,3311.35009765625,8
2023-07-10 09:33:00+05:30,3311.35009765625,3311.35009765625,3310.0,3310.0,JKCEMENT,3310.0,3
2023-07-10 09:34:00+05:30,3310.0,3310.0,3310.0,3310.0,JKCEMENT,3310.0,1
2023-07-10 09:35:00+05:30,3314.449951171875,3317.0,3314.0,3315.75,JKCEMENT,3315.75,156
2023-07-10 09:36:00+05:30,3311.14990234375,3313.35009765625,3310.0,3313.35009765625,JKCEMENT,3313.35009765625,48
2023-07-10 09:37:00+05:30,3313.300048828125,3313.300048828125,3310.0,3310.0,JKCEMENT,3310.0,315
2023-07-10 09:38:00+05:30,3310.0,3310.0,3310.0,3310.0,JKCEMENT,3310.0,2
2023-07-10 09:39:00+05:30,3310.0,3311.75,3310.0,3310.0,JKCEMENT,3310.0,43
2023-07-10 09:40:00+05:30,3310.0,3312.0,3310.0,3310.300048828125,JKCEMENT,3310.300048828125,20
2023-07-10 09:41:00+05:30,3310.199951171875,3313.0,3310.199951171875,3313.0,JKCEMENT,3313.0,80
2023-07-10 09:42:00+05:30,3313.0,3315.0,3311.89990234375,3312.300048828125,JKCEMENT,3312.300048828125,76
2023-07-10 09:43:00+05:30,3312.35009765625,3312.35009765625,3312.35009765625,3312.35009765625,JKCEMENT,3312.35009765625,7
2023-07-10 09:44:00+05:30,3312.5,3314.949951171875,3312.5,3314.949951171875,JKCEMENT,3314.949951171875,54
2023-07-10 09:45:00+05:30,3315.0,3315.0,3313.25,3313.25,JKCEMENT,3313.25,68
2023-07-10 09:46:00+05:30,3315.89990234375,3315.949951171875,3315.89990234375,3315.949951171875,JKCEMENT,3315.949951171875,11
2023-07-10 09:47:00+05:30,3314.199951171875,3314.449951171875,3313.14990234375,3313.14990234375,JKCEMENT,3313.14990234375,178
2023-07-10 09:48:00+05:30,3313.199951171875,3315.0,3313.199951171875,3314.550048828125,JKCEMENT,3314.550048828125,69
2023-07-10 09:49:00+05:30,3313.10009765625,3313.10009765625,3310.0,3310.0,JKCEMENT,3310.0,223
2023-07-10 09:50:00+05:30,3310.0,3311.949951171875,3310.0,3311.949951171875,JKCEMENT,3311.949951171875,125
2023-07-10 09:51:00+05:30,3311.949951171875,3311.949951171875,3310.14990234375,3310.14990234375,JKCEMENT,3310.14990234375,10
2023-07-10 09:54:00+05:30,3310.14990234375,3310.14990234375,3310.0,3310.0,JKCEMENT,3310.0,100
2023-07-10 09:55:00+05:30,3310.0,3310.0,3310.0,3310.0,JKCEMENT,3310.0,530
2023-07-10 09:56:00+05:30,3310.0,3310.0,3310.0,3310.0,JKCEMENT,3310.0,12
2023-07-10 09:57:00+05:30,3310.0,3310.0,3310.0,3310.0,JKCEMENT,3310.0,2
2023-07-10 09:58:00+05:30,3313.14990234375,3313.14990234375,3312.050048828125,3313.14990234375,JKCEMENT,3313.14990234375,87
2023-07-10 09:59:00+05:30,3314.85009765625,3314.85009765625,3314.85009765625,3314.85009765625,JKCEMENT,3314.85009765625,2
2023-07-10 10:00:00+05:30,3313.14990234375,3313.14990234375,3311.949951171875,3311.949951171875,JKCEMENT,3311.949951171875,3
2023-07-10 10:01:00+05:30,3310.050048828125,3310.050048828125,3310.050048828125,3310.050048828125,JKCEMENT,3310.050048828125,2
2023-07-10 10:02:00+05:30,3310.050048828125,3310.050048828125,3310.050048828125,3310.050048828125,JKCEMENT,3310.050048828125,7
2023-07-10 10:03:00+05:30,3310.199951171875,3310.199951171875,3310.050048828125,3310.050048828125,JKCEMENT,3310.050048828125,35
2023-07-10 10:04:00+05:30,3311.60009765625,3312.949951171875,3310.0,3310.0,JKCEMENT,3310.0,102
2023-07-10 10:05:00+05:30,3311.0,3313.0,3310.050048828125,3310.14990234375,JKCEMENT,3310.14990234375,107
2023-07-10 10:06:00+05:30,3312.75,3312.75,3310.0,3310.050048828125,JKCEMENT,3310.050048828125,101
2023-07-10 10:07:00+05:30,3311.0,3311.14990234375,3310.0,3311.14990234375,JKCEMENT,3311.14990234375,235
2023-07-10 10:08:00+05:30,3310.0,3311.14990234375,3310.0,3310.0,JKCEMENT,3310.0,59
2023-07-10 10:09:00+05:30,3310.0,3312.39990234375,3310.0,3312.39990234375,JKCEMENT,3312.39990234375,178
2023-07-10 10:10:00+05:30,3312.699951171875,3312.800048828125,3310.35009765625,3310.35009765625,JKCEMENT,3310.35009765625,0
2023-07-10 10:11:00+05:30,3313.14990234375,3315.0,3313.050048828125,3313.050048828125,JKCEMENT,3313.050048828125,32
2023-07-10 10:12:00+05:30,3312.14990234375,3312.14990234375,3312.14990234375,3312.14990234375,JKCEMENT,3312.14990234375,1
2023-07-10 10:13:00+05:30,3314.949951171875,3314.949951171875,3313.0,3313.0,JKCEMENT,3313.0,42
2023-07-10 10:14:00+05:30,3312.5,3312.5,3312.14990234375,3312.14990234375,JKCEMENT,3312.14990234375,7
2023-07-10 10:15:00+05:30,3314.949951171875,3314.949951171875,3314.949951171875,3314.949951171875,JKCEMENT,3314.949951171875,1
2023-07-10 10:16:00+05:30,3314.5,3314.5,3312.10009765625,3312.10009765625,JKCEMENT,3312.10009765625,12
2023-07-10 10:17:00+05:30,3312.10009765625,3312.10009765625,3310.050048828125,3310.10009765625,JKCEMENT,3310.10009765625,15
2023-07-10 10:18:00+05:30,3310.64990234375,3311.050048828125,3309.550048828125,3310.0,JKCEMENT,3310.0,622
2023-07-10 10:19:00+05:30,3310.949951171875,3310.949951171875,3310.949951171875,3310.949951171875,JKCEMENT,3310.949951171875,123
2023-07-10 10:20:00+05:30,3310.0,3310.0,3310.0,3310.0,JKCEMENT,3310.0,27
2023-07-10 10:21:00+05:30,3310.0,3310.10009765625,3310.0,3310.10009765625,JKCEMENT,3310.10009765625,36
2023-07-10 10:22:00+05:30,3311.949951171875,3313.0,3311.0,3311.0,JKCEMENT,3311.0,161
2023-07-10 10:24:00+05:30,3311.949951171875,3311.949951171875,3310.0,3310.0,JKCEMENT,3310.0,29
2023-07-10 10:25:00+05:30,3311.949951171875,3314.050048828125,3310.0,3314.050048828125,JKCEMENT,3314.050048828125,11
2023-07-10 10:26:00+05:30,3313.85009765625,3314.35009765625,3313.85009765625,3314.35009765625,JKCEMENT,3314.35009765625,28
2023-07-10 10:27:00+05:30,3311.75,3314.800048828125,3311.75,3314.39990234375,JKCEMENT,3314.39990234375,17
2023-07-10 10:28:00+05:30,3320.0,3320.0,3318.0,3319.949951171875,JKCEMENT,3319.949951171875,365
2023-07-10 10:29:00+05:30,3319.89990234375,3320.0,3318.14990234375,3319.949951171875,JKCEMENT,3319.949951171875,271
2023-07-10 10:30:00+05:30,3322.0,3325.0,3320.0,3324.89990234375,JKCEMENT,3324.89990234375,243
2023-07-10 10:31:00+05:30,3322.89990234375,3324.89990234375,3322.60009765625,3324.89990234375,JKCEMENT,3324.89990234375,182
2023-07-10 10:32:00+05:30,3325.0,3325.800048828125,3324.0,3325.0,JKCEMENT,3325.0,160
2023-07-10 10:33:00+05:30,3324.949951171875,3324.949951171875,3323.0,3324.0,JKCEMENT,3324.0,152
2023-07-10 10:34:00+05:30,3324.25,3324.25,3322.199951171875,3322.199951171875,JKCEMENT,3322.199951171875,132
2023-07-10 10:35:00+05:30,3323.699951171875,3323.699951171875,3320.39990234375,3320.39990234375,JKCEMENT,3320.39990234375,97
2023-07-10 10:36:00+05:30,3320.39990234375,3320.39990234375,3320.39990234375,3320.39990234375,JKCEMENT,3320.39990234375,3
2023-07-10 10:37:00+05:30,3316.39990234375,3318.699951171875,3316.39990234375,3316.5,JKCEMENT,3316.5,85
2023-07-10 10:41:00+05:30,3316.39990234375,3316.39990234375,3316.39990234375,3316.39990234375,JKCEMENT,3316.39990234375,10
2023-07-10 10:42:00+05:30,3313.0,3313.0,3312.699951171875,3313.0,JKCEMENT,3313.0,162
2023-07-10 10:43:00+05:30,3314.0,3314.050048828125,3314.0,3314.050048828125,JKCEMENT,3314.050048828125,43
2023-07-10 10:44:00+05:30,3316.800048828125,3317.050048828125,3316.800048828125,3317.050048828125,JKCEMENT,3317.050048828125,45
2023-07-10 10:46:00+05:30,3315.64990234375,3317.949951171875,3315.64990234375,3317.949951171875,JKCEMENT,3317.949951171875,19
2023-07-10 10:47:00+05:30,3317.0,3317.0,3317.0,3317.0,JKCEMENT,3317.0,1
2023-07-10 10:48:00+05:30,3314.60009765625,3314.949951171875,3314.050048828125,3314.050048828125,JKCEMENT,3314.050048828125,16
2023-07-10 10:49:00+05:30,3313.050048828125,3313.050048828125,3313.0,3313.0,JKCEMENT,3313.0,62
2023-07-10 10:50:00+05:30,3311.10009765625,3311.10009765625,3310.5,3310.5,JKCEMENT,3310.5,7
2023-07-10 10:51:00+05:30,3310.0,3311.0,3310.0,3311.0,JKCEMENT,3311.0,77
2023-07-10 10:52:00+05:30,3310.10009765625,3311.050048828125,3310.10009765625,3311.050048828125,JKCEMENT,3311.050048828125,0
2023-07-10 10:53:00+05:30,3311.0,3314.25,3311.0,3311.050048828125,JKCEMENT,3311.050048828125,207
2023-07-10 10:54:00+05:30,3311.050048828125,3313.10009765625,3311.050048828125,3313.10009765625,JKCEMENT,3313.10009765625,20
2023-07-10 10:55:00+05:30,3311.050048828125,3313.39990234375,3311.050048828125,3313.39990234375,JKCEMENT,3313.39990234375,55
2023-07-10 10:58:00+05:30,3311.050048828125,3311.050048828125,3311.050048828125,3311.050048828125,JKCEMENT,3311.050048828125,16
2023-07-10 10:59:00+05:30,3313.0,3313.0,3312.949951171875,3312.949951171875,JKCEMENT,3312.949951171875,0
2023-07-10 11:00:00+05:30,3312.5,3312.550048828125,3312.5,3312.550048828125,JKCEMENT,3312.550048828125,12
2023-07-10 11:01:00+05:30,3312.550048828125,3312.550048828125,3311.050048828125,3311.050048828125,JKCEMENT,3311.050048828125,18
2023-07-10 11:05:00+05:30,3312.550048828125,3312.550048828125,3312.550048828125,3312.550048828125,JKCEMENT,3312.550048828125,0
2023-07-10 11:06:00+05:30,3312.550048828125,3312.550048828125,3311.050048828125,3311.050048828125,JKCEMENT,3311.050048828125,13
2023-07-10 11:07:00+05:30,3314.300048828125,3314.300048828125,3314.300048828125,3314.300048828125,JKCEMENT,3314.300048828125,249
2023-07-10 11:08:00+05:30,3312.10009765625,3313.949951171875,3312.10009765625,3313.949951171875,JKCEMENT,3313.949951171875,28
2023-07-10 11:09:00+05:30,3313.89990234375,3313.89990234375,3313.89990234375,3313.89990234375,JKCEMENT,3313.89990234375,1
2023-07-10 11:10:00+05:30,3311.699951171875,3311.699951171875,3310.550048828125,3310.550048828125,JKCEMENT,3310.550048828125,293
2023-07-10 11:11:00+05:30,3311.199951171875,3311.199951171875,3310.550048828125,3310.550048828125,JKCEMENT,3310.550048828125,296
2023-07-10 11:12:00+05:30,3310.550048828125,3311.050048828125,3309.35009765625,3309.35009765625,JKCEMENT,3309.35009765625,425
2023-07-10 11:13:00+05:30,3311.14990234375,3312.39990234375,3310.199951171875,3310.35009765625,JKCEMENT,3310.35009765625,280
2023-07-10 11:14:00+05:30,3309.949951171875,3311.0,3307.699951171875,3311.0,JKCEMENT,3311.0,643
2023-07-10 11:15:00+05:30,3311.0,3311.0,3310.0,3310.0,JKCEMENT,3310.0,27
2023-07-10 11:16:00+05:30,3310.0,3310.0,3309.0,3309.699951171875,JKCEMENT,3309.699951171875,635
2023-07-10 11:17:00+05:30,3310.949951171875,3310.949951171875,3310.0,3310.0,JKCEMENT,3310.0,148
2023-07-10 11:18:00+05:30,3310.0,3310.0,3310.0,3310.0,JKCEMENT,3310.0,9
2023-07-10 11:19:00+05:30,3310.0,3310.0,3310.0,3310.0,JKCEMENT,3310.0,5
2023-07-10 11:20:00+05:30,3308.699951171875,3310.0,3308.699951171875,3310.0,JKCEMENT,3310.0,194
2023-07-10 11:21:00+05:30,3310.0,3310.0,3310.0,3310.0,JKCEMENT,3310.0,0
2023-07-10 11:22:00+05:30,3311.35009765625,3311.35009765625,3310.0,3310.0,JKCEMENT,3310.0,227
2023-07-10 11:23:00+05:30,3310.0,3311.10009765625,3310.0,3311.10009765625,JKCEMENT,3311.10009765625,55
2023-07-10 11:24:00+05:30,3311.050048828125,3311.050048828125,3310.0,3310.0,JKCEMENT,3310.0,69
2023-07-10 11:25:00+05:30,3310.0,3310.0,3310.0,3310.0,JKCEMENT,3310.0,215
2023-07-10 11:26:00+05:30,3310.0,3310.050048828125,3310.0,3310.0,JKCEMENT,3310.0,70
2023-07-10 11:27:00+05:30,3310.0,3310.0,3310.0,3310.0,JKCEMENT,3310.0,56
2023-07-10 11:28:00+05:30,3310.0,3312.0,3310.0,3310.050048828125,JKCEMENT,3310.050048828125,239
2023-07-10 11:29:00+05:30,3308.050048828125,3310.0,3308.050048828125,3310.0,JKCEMENT,3310.0,308
2023-07-10 11:30:00+05:30,3310.0,3310.0,3309.85009765625,3310.0,JKCEMENT,3310.0,145
2023-07-10 11:31:00+05:30,3310.0,3310.050048828125,3310.0,3310.050048828125,JKCEMENT,3310.050048828125,1282
2023-07-10 11:32:00+05:30,3314.0,3314.0,3311.39990234375,3311.39990234375,JKCEMENT,3311.39990234375,359
2023-07-10 11:34:00+05:30,3313.949951171875,3313.949951171875,3313.949951171875,3313.949951171875,JKCEMENT,3313.949951171875,0
2023-07-10 11:36:00+05:30,3310.449951171875,3310.449951171875,3310.10009765625,3310.10009765625,JKCEMENT,3310.10009765625,60
2023-07-10 11:37:00+05:30,3310.0,3312.35009765625,3310.0,3312.35009765625,JKCEMENT,3312.35009765625,361
2023-07-10 11:38:00+05:30,3316.449951171875,3316.449951171875,3312.550048828125,3312.550048828125,JKCEMENT,3312.550048828125,58
2023-07-10 11:39:00+05:30,3312.5,3312.5,3312.5,3312.5,JKCEMENT,3312.5,15
2023-07-10 11:40:00+05:30,3312.5,3314.0,3310.550048828125,3310.550048828125,JKCEMENT,3310.550048828125,12
2023-07-10 11:42:00+05:30,3310.0,3310.0,3310.0,3310.0,JKCEMENT,3310.0,4
2023-07-10 11:43:00+05:30,3310.550048828125,3312.0,3310.14990234375,3312.0,JKCEMENT,3312.0,66
2023-07-10 11:44:00+05:30,3312.949951171875,3312.949951171875,3312.949951171875,3312.949951171875,JKCEMENT,3312.949951171875,23
2023-07-10 11:45:00+05:30,3314.800048828125,3315.10009765625,3311.0,3312.0,JKCEMENT,3312.0,104
2023-07-10 11:46:00+05:30,3311.5,3312.699951171875,3310.14990234375,3310.199951171875,JKCEMENT,3310.199951171875,126
2023-07-10 11:47:00+05:30,3310.25,3310.5,3310.199951171875,3310.5,JKCEMENT,3310.5,30
2023-07-10 11:49:00+05:30,3311.0,3313.5,3311.0,3312.0,JKCEMENT,3312.0,45
2023-07-10 11:50:00+05:30,3313.75,3313.75,3311.300048828125,3311.300048828125,JKCEMENT,3311.300048828125,52
2023-07-10 11:51:00+05:30,3314.800048828125,3314.800048828125,3312.050048828125,3312.050048828125,JKCEMENT,3312.050048828125,154
2023-07-10 11:59:00+05:30,3312.0,3312.0,3312.0,3312.0,JKCEMENT,3312.0,4
2023-07-10 12:00:00+05:30,3312.0,3312.0,3312.0,3312.0,JKCEMENT,3312.0,0
2023-07-10 12:02:00+05:30,3312.0,3312.0,3312.0,3312.0,JKCEMENT,3312.0,2
2023-07-10 12:04:00+05:30,3310.550048828125,3310.550048828125,3310.550048828125,3310.550048828125,JKCEMENT,3310.550048828125,1
2023-07-10 12:05:00+05:30,3310.0,3310.0,3310.0,3310.0,JKCEMENT,3310.0,144
2023-07-10 12:06:00+05:30,3310.0,3310.0,3310.0,3310.0,JKCEMENT,3310.0,0
2023-07-10 12:10:00+05:30,3310.0,3310.60009765625,3310.0,3310.60009765625,JKCEMENT,3310.60009765625,28
2023-07-10 12:11:00+05:30,3310.10009765625,3310.10009765625,3310.050048828125,3310.050048828125,JKCEMENT,3310.050048828125,13
2023-07-10 12:12:00+05:30,3311.949951171875,3311.949951171875,3310.0,3310.0,JKCEMENT,3310.0,6
2023-07-10 12:15:00+05:30,3310.0,3310.0,3310.0,3310.0,JKCEMENT,3310.0,0
2023-07-10 12:16:00+05:30,3310.0,3310.0,3310.0,3310.0,JKCEMENT,3310.0,24
2023-07-10 12:17:00+05:30,3310.0,3310.0,3310.0,3310.0,JKCEMENT,3310.0,913
2023-07-10 12:18:00+05:30,3312.75,3312.800048828125,3310.10009765625,3312.800048828125,JKCEMENT,3312.800048828125,92
2023-07-10 12:20:00+05:30,3312.550048828125,3312.550048828125,3312.300048828125,3312.300048828125,JKCEMENT,3312.300048828125,26
2023-07-10 12:26:00+05:30,3313.050048828125,3313.050048828125,3313.050048828125,3313.050048828125,JKCEMENT,3313.050048828125,402
2023-07-10 12:28:00+05:30,3310.550048828125,3310.550048828125,3310.550048828125,3310.550048828125,JKCEMENT,3310.550048828125,3
2023-07-10 12:29:00+05:30,3312.35009765625,3312.35009765625,3311.550048828125,3311.550048828125,JKCEMENT,3311.550048828125,8
2023-07-10 12:32:00+05:30,3310.550048828125,3310.550048828125,3310.550048828125,3310.550048828125,JKCEMENT,3310.550048828125,1
2023-07-10 12:33:00+05:30,3312.14990234375,3312.14990234375,3312.14990234375,3312.14990234375,JKCEMENT,3312.14990234375,1
2023-07-10 12:36:00+05:30,3310.0,3310.0,3310.0,3310.0,JKCEMENT,3310.0,109
2023-07-10 12:37:00+05:30,3311.89990234375,3311.89990234375,3311.89990234375,3311.89990234375,JKCEMENT,3311.89990234375,0
2023-07-10 12:38:00+05:30,3310.0,3310.0,3310.0,3310.0,JKCEMENT,3310.0,40
2023-07-10 12:40:00+05:30,3311.199951171875,3311.199951171875,3311.199951171875,3311.199951171875,JKCEMENT,3311.199951171875,1
2023-07-10 12:43:00+05:30,3310.949951171875,3310.949951171875,3310.949951171875,3310.949951171875,JKCEMENT,3310.949951171875,37
2023-07-10 12:45:00+05:30,3310.0,3310.0,3310.0,3310.0,JKCEMENT,3310.0,0
2023-07-10 12:49:00+05:30,3311.449951171875,3311.449951171875,3311.449951171875,3311.449951171875,JKCEMENT,3311.449951171875,56
2023-07-10 12:52:00+05:30,3314.0,3314.0,3311.800048828125,3311.800048828125,JKCEMENT,3311.800048828125,0
2023-07-10 12:55:00+05:30,3309.25,3311.949951171875,3309.25,3311.949951171875,JKCEMENT,3311.949951171875,61
2023-07-10 12:56:00+05:30,3313.75,3313.75,3313.75,3313.75,JKCEMENT,3313.75,0
2023-07-10 12:57:00+05:30,3314.5,3320.0,3314.5,3320.0,JKCEMENT,3320.0,124
2023-07-10 12:58:00+05:30,3317.699951171875,3320.0,3317.699951171875,3320.0,JKCEMENT,3320.0,31
2023-07-10 12:59:00+05:30,3320.0,3320.0,3315.75,3315.75,JKCEMENT,3315.75,0
2023-07-10 13:02:00+05:30,3316.89990234375,3316.89990234375,3316.89990234375,3316.89990234375,JKCEMENT,3316.89990234375,2
2023-07-10 13:04:00+05:30,3317.699951171875,3319.75,3317.699951171875,3319.75,JKCEMENT,3319.75,41
2023-07-10 13:05:00+05:30,3319.75,3319.75,3318.10009765625,3319.75,JKCEMENT,3319.75,30
2023-07-10 13:06:00+05:30,3319.75,3319.75,3318.050048828125,3319.75,JKCEMENT,3319.75,44
2023-07-10 13:07:00+05:30,3319.75,3319.75,3317.75,3317.75,JKCEMENT,3317.75,0
2023-07-10 13:12:00+05:30,3317.75,3319.75,3317.75,3319.75,JKCEMENT,3319.75,13
2023-07-10 13:13:00+05:30,3319.75,3319.949951171875,3318.85009765625,3318.85009765625,JKCEMENT,3318.85009765625,26
2023-07-10 13:15:00+05:30,3319.949951171875,3319.949951171875,3319.949951171875,3319.949951171875,JKCEMENT,3319.949951171875,3
2023-07-10 13:16:00+05:30,3319.949951171875,3319.949951171875,3318.0,3318.0,JKCEMENT,3318.0,0
2023-07-10 13:18:00+05:30,3318.5,3318.5,3318.5,3318.5,JKCEMENT,3318.5,30
2023-07-10 13:19:00+05:30,3317.050048828125,3317.050048828125,3317.050048828125,3317.050048828125,JKCEMENT,3317.050048828125,0
2023-07-10 13:21:00+05:30,3318.5,3318.60009765625,3316.199951171875,3317.14990234375,JKCEMENT,3317.14990234375,42
2023-07-10 13:22:00+05:30,3316.300048828125,3319.60009765625,3314.050048828125,3318.0,JKCEMENT,3318.0,515
2023-07-10 13:23:00+05:30,3316.050048828125,3316.050048828125,3316.050048828125,3316.050048828125,JKCEMENT,3316.050048828125,0
2023-07-10 13:24:00+05:30,3316.199951171875,3318.64990234375,3316.199951171875,3318.64990234375,JKCEMENT,3318.64990234375,16
2023-07-10 13:25:00+05:30,3317.050048828125,3317.050048828125,3317.0,3317.0,JKCEMENT,3317.0,75
2023-07-10 13:26:00+05:30,3316.050048828125,3316.85009765625,3315.0,3316.85009765625,JKCEMENT,3316.85009765625,49
2023-07-10 13:29:00+05:30,3315.050048828125,3315.050048828125,3315.050048828125,3315.050048828125,JKCEMENT,3315.050048828125,2
2023-07-10 13:30:00+05:30,3316.949951171875,3317.60009765625,3316.800048828125,3317.60009765625,JKCEMENT,3317.60009765625,27
2023-07-10 13:33:00+05:30,3317.60009765625,3319.75,3317.60009765625,3319.75,JKCEMENT,3319.75,15
2023-07-10 13:34:00+05:30,3319.75,3319.800048828125,3317.949951171875,3319.800048828125,JKCEMENT,3319.800048828125,70
2023-07-10 13:37:00+05:30,3319.800048828125,3319.800048828125,3319.800048828125,3319.800048828125,JKCEMENT,3319.800048828125,14
2023-07-10 13:38:00+05:30,3320.0,3322.0,3320.0,3322.0,JKCEMENT,3322.0,264
2023-07-10 13:39:00+05:30,3322.0,3322.0,3319.64990234375,3320.800048828125,JKCEMENT,3320.800048828125,70
2023-07-10 13:42:00+05:30,3320.5,3320.5,3320.5,3320.5,JKCEMENT,3320.5,8
2023-07-10 13:43:00+05:30,3318.0,3318.0,3318.0,3318.0,JKCEMENT,3318.0,23
2023-07-10 13:44:00+05:30,3317.050048828125,3317.050048828125,3314.60009765625,3314.60009765625,JKCEMENT,3314.60009765625,8
2023-07-10 13:45:00+05:30,3317.5,3318.60009765625,3314.10009765625,3318.60009765625,JKCEMENT,3318.60009765625,128
2023-07-10 13:46:00+05:30,3318.5,3320.449951171875,3318.0,3318.550048828125,JKCEMENT,3318.550048828125,287
2023-07-10 13:47:00+05:30,3315.75,3315.75,3314.89990234375,3314.89990234375,JKCEMENT,3314.89990234375,8
2023-07-10 13:49:00+05:30,3316.800048828125,3316.800048828125,3316.800048828125,3316.800048828125,JKCEMENT,3316.800048828125,0
2023-07-10 13:50:00+05:30,3319.0,3319.0,3319.0,3319.0,JKCEMENT,3319.0,4
2023-07-10 13:52:00+05:30,3317.25,3317.25,3317.25,3317.25,JKCEMENT,3317.25,0
2023-07-10 13:57:00+05:30,3314.0,3316.949951171875,3313.0,3316.949951171875,JKCEMENT,3316.949951171875,114
2023-07-10 13:59:00+05:30,3315.699951171875,3315.699951171875,3315.699951171875,3315.699951171875,JKCEMENT,3315.699951171875,3
2023-07-10 14:00:00+05:30,3318.0,3318.0,3318.0,3318.0,JKCEMENT,3318.0,0
2023-07-10 14:01:00+05:30,3319.949951171875,3319.949951171875,3319.949951171875,3319.949951171875,JKCEMENT,3319.949951171875,18
2023-07-10 14:02:00+05:30,3318.050048828125,3319.89990234375,3317.800048828125,3317.85009765625,JKCEMENT,3317.85009765625,5
2023-07-10 14:03:00+05:30,3318.050048828125,3318.050048828125,3318.050048828125,3318.050048828125,JKCEMENT,3318.050048828125,9
2023-07-10 14:04:00+05:30,3316.550048828125,3316.550048828125,3316.550048828125,3316.550048828125,JKCEMENT,3316.550048828125,2
2023-07-10 14:05:00+05:30,3316.25,3318.800048828125,3316.25,3318.75,JKCEMENT,3318.75,12
2023-07-10 14:06:00+05:30,3318.75,3318.75,3318.75,3318.75,JKCEMENT,3318.75,5
2023-07-10 14:07:00+05:30,3316.60009765625,3318.949951171875,3316.60009765625,3317.050048828125,JKCEMENT,3317.050048828125,36
2023-07-10 14:08:00+05:30,3316.050048828125,3318.0,3315.800048828125,3318.0,JKCEMENT,3318.0,29
2023-07-10 14:10:00+05:30,3319.39990234375,3319.39990234375,3316.35009765625,3318.89990234375,JKCEMENT,3318.89990234375,29
2023-07-10 14:11:00+05:30,3317.35009765625,3317.39990234375,3317.35009765625,3317.39990234375,JKCEMENT,3317.39990234375,7
2023-07-10 14:13:00+05:30,3319.699951171875,3319.949951171875,3317.64990234375,3319.949951171875,JKCEMENT,3319.949951171875,6
2023-07-10 14:14:00+05:30,3317.300048828125,3317.300048828125,3317.300048828125,3317.300048828125,JKCEMENT,3317.300048828125,1
2023-07-10 14:17:00+05:30,3319.949951171875,3320.0,3319.949951171875,3320.0,JKCEMENT,3320.0,2
2023-07-10 14:18:00+05:30,3320.0,3320.0,3317.14990234375,3319.89990234375,JKCEMENT,3319.89990234375,15
2023-07-10 14:19:00+05:30,3319.050048828125,3319.050048828125,3318.050048828125,3318.050048828125,JKCEMENT,3318.050048828125,5
2023-07-10 14:20:00+05:30,3316.10009765625,3318.5,3316.10009765625,3318.5,JKCEMENT,3318.5,1
2023-07-10 14:21:00+05:30,3318.050048828125,3318.050048828125,3317.199951171875,3317.199951171875,JKCEMENT,3317.199951171875,2
2023-07-10 14:22:00+05:30,3319.449951171875,3319.449951171875,3317.10009765625,3319.25,JKCEMENT,3319.25,5
2023-07-10 14:23:00+05:30,3317.14990234375,3317.14990234375,3317.14990234375,3317.14990234375,JKCEMENT,3317.14990234375,3
2023-07-10 14:24:00+05:30,3320.5,3321.949951171875,3319.050048828125,3319.050048828125,JKCEMENT,3319.050048828125,130
2023-07-10 14:25:00+05:30,3319.0,3319.0,3318.14990234375,3318.14990234375,JKCEMENT,3318.14990234375,4
2023-07-10 14:28:00+05:30,3321.75,3321.949951171875,3321.75,3321.949951171875,JKCEMENT,3321.949951171875,101
2023-07-10 14:29:00+05:30,3321.949951171875,3321.949951171875,3320.449951171875,3320.449951171875,JKCEMENT,3320.449951171875,6
2023-07-10 14:30:00+05:30,3319.699951171875,3323.0,3318.050048828125,3318.25,JKCEMENT,3318.25,473
2023-07-10 14:31:00+05:30,3318.25,3320.85009765625,3318.0,3318.050048828125,JKCEMENT,3318.050048828125,39
2023-07-10 14:32:00+05:30,3320.050048828125,3322.89990234375,3320.050048828125,3320.89990234375,JKCEMENT,3320.89990234375,61
2023-07-10 14:33:00+05:30,3321.14990234375,3323.89990234375,3321.14990234375,3322.949951171875,JKCEMENT,3322.949951171875,26
2023-07-10 14:34:00+05:30,3320.89990234375,3322.85009765625,3320.449951171875,3322.85009765625,JKCEMENT,3322.85009765625,4
2023-07-10 14:36:00+05:30,3324.0,3324.0,3320.60009765625,3320.60009765625,JKCEMENT,3320.60009765625,22
2023-07-10 14:37:00+05:30,3321.050048828125,3324.14990234375,3321.050048828125,3321.64990234375,JKCEMENT,3321.64990234375,99
2023-07-10 14:38:00+05:30,3323.699951171875,3324.0,3318.699951171875,3320.300048828125,JKCEMENT,3320.300048828125,68
2023-07-10 14:39:00+05:30,3320.550048828125,3320.550048828125,3320.550048828125,3320.550048828125,JKCEMENT,3320.550048828125,37
2023-07-10 14:40:00+05:30,3323.35009765625,3323.85009765625,3321.25,3323.85009765625,JKCEMENT,3323.85009765625,76
2023-07-10 14:41:00+05:30,3322.5,3324.60009765625,3320.800048828125,3324.60009765625,JKCEMENT,3324.60009765625,121
2023-07-10 14:42:00+05:30,3322.550048828125,3323.949951171875,3321.050048828125,3323.550048828125,JKCEMENT,3323.550048828125,47
2023-07-10 14:43:00+05:30,3320.449951171875,3322.949951171875,3320.14990234375,3320.39990234375,JKCEMENT,3320.39990234375,31
2023-07-10 14:44:00+05:30,3320.050048828125,3321.75,3318.10009765625,3318.60009765625,JKCEMENT,3318.60009765625,106
2023-07-10 14:45:00+05:30,3318.60009765625,3318.60009765625,3315.699951171875,3318.449951171875,JKCEMENT,3318.449951171875,10
2023-07-10 14:46:00+05:30,3317.14990234375,3318.85009765625,3317.14990234375,3318.85009765625,JKCEMENT,3318.85009765625,129
2023-07-10 14:47:00+05:30,3316.89990234375,3319.75,3316.89990234375,3317.75,JKCEMENT,3317.75,30
2023-07-10 14:48:00+05:30,3316.050048828125,3317.25,3315.0,3317.25,JKCEMENT,3317.25,98
2023-07-10 14:49:00+05:30,3314.14990234375,3317.050048828125,3311.0,3312.800048828125,JKCEMENT,3312.800048828125,155
2023-07-10 14:50:00+05:30,3311.14990234375,3315.89990234375,3311.0,3313.550048828125,JKCEMENT,3313.550048828125,65
2023-07-10 14:51:00+05:30,3313.949951171875,3316.300048828125,3312.050048828125,3313.35009765625,JKCEMENT,3313.35009765625,37
2023-07-10 14:52:00+05:30,3311.199951171875,3313.75,3311.0,3312.0,JKCEMENT,3312.0,10
2023-07-10 14:53:00+05:30,3311.050048828125,3312.550048828125,3311.050048828125,3312.550048828125,JKCEMENT,3312.550048828125,31
2023-07-10 14:54:00+05:30,3312.64990234375,3312.949951171875,3310.0,3310.0,JKCEMENT,3310.0,318
2023-07-10 14:55:00+05:30,3310.0,3311.949951171875,3310.0,3310.0,JKCEMENT,3310.0,23
2023-07-10 14:56:00+05:30,3309.39990234375,3311.949951171875,3309.39990234375,3311.949951171875,JKCEMENT,3311.949951171875,20
2023-07-10 14:57:00+05:30,3312.949951171875,3313.449951171875,3310.050048828125,3310.050048828125,JKCEMENT,3310.050048828125,9
2023-07-10 14:58:00+05:30,3310.050048828125,3314.949951171875,3310.050048828125,3314.949951171875,JKCEMENT,3314.949951171875,24
2023-07-10 14:59:00+05:30,3313.10009765625,3315.550048828125,3313.10009765625,3313.35009765625,JKCEMENT,3313.35009765625,16
2023-07-10 15:00:00+05:30,3316.75,3316.75,3316.75,3316.75,JKCEMENT,3316.75,2
2023-07-10 15:01:00+05:30,3313.35009765625,3313.949951171875,3311.699951171875,3311.699951171875,JKCEMENT,3311.699951171875,365
2023-07-10 15:02:00+05:30,3311.949951171875,3311.949951171875,3311.949951171875,3311.949951171875,JKCEMENT,3311.949951171875,0
2023-07-10 15:03:00+05:30,3311.0,3314.550048828125,3311.0,3314.550048828125,JKCEMENT,3314.550048828125,5
2023-07-10 15:04:00+05:30,3314.5,3314.550048828125,3311.75,3313.0,JKCEMENT,3313.0,156
2023-07-10 15:05:00+05:30,3315.85009765625,3315.85009765625,3313.699951171875,3314.5,JKCEMENT,3314.5,0
2023-07-10 15:06:00+05:30,3314.550048828125,3317.35009765625,3314.550048828125,3314.699951171875,JKCEMENT,3314.699951171875,92
2023-07-10 15:07:00+05:30,3315.5,3317.949951171875,3315.5,3315.550048828125,JKCEMENT,3315.550048828125,112
2023-07-10 15:08:00+05:30,3318.449951171875,3319.0,3315.5,3319.0,JKCEMENT,3319.0,81
2023-07-10 15:09:00+05:30,3319.550048828125,3320.0,3319.550048828125,3319.85009765625,JKCEMENT,3319.85009765625,86
2023-07-10 15:10:00+05:30,3319.85009765625,3321.0,3318.75,3320.949951171875,JKCEMENT,3320.949951171875,98
2023-07-10 15:11:00+05:30,3320.949951171875,3320.949951171875,3320.949951171875,3320.949951171875,JKCEMENT,3320.949951171875,3
2023-07-10 15:12:00+05:30,3319.300048828125,3320.949951171875,3318.35009765625,3320.39990234375,JKCEMENT,3320.39990234375,93
2023-07-10 15:13:00+05:30,3320.699951171875,3320.699951171875,3320.550048828125,3320.550048828125,JKCEMENT,3320.550048828125,16
2023-07-10 15:14:00+05:30,3320.5,3320.5,3317.449951171875,3317.449951171875,JKCEMENT,3317.449951171875,193
2023-07-10 15:15:00+05:30,3317.300048828125,3319.75,3317.300048828125,3318.14990234375,JKCEMENT,3318.14990234375,45
2023-07-10 15:16:00+05:30,3319.699951171875,3319.699951171875,3317.64990234375,3318.449951171875,JKCEMENT,3318.449951171875,10
2023-07-10 15:17:00+05:30,3319.75,3319.85009765625,3318.550048828125,3318.949951171875,JKCEMENT,3318.949951171875,79
2023-07-10 15:18:00+05:30,3317.10009765625,3318.949951171875,3316.89990234375,3318.199951171875,JKCEMENT,3318.199951171875,100
2023-07-10 15:19:00+05:30,3318.199951171875,3318.75,3316.199951171875,3318.75,JKCEMENT,3318.75,98
2023-07-10 15:20:00+05:30,3318.75,3318.75,3315.050048828125,3316.699951171875,JKCEMENT,3316.699951171875,325
2023-07-10 15:21:00+05:30,3316.550048828125,3319.0,3316.550048828125,3319.0,JKCEMENT,3319.0,115
2023-07-10 15:22:00+05:30,3319.0,3319.0,3318.949951171875,3319.0,JKCEMENT,3319.0,36
2023-07-10 15:23:00+05:30,3319.0,3320.0,3318.10009765625,3320.0,JKCEMENT,3320.0,156
2023-07-10 15:24:00+05:30,3319.699951171875,3320.0,3319.300048828125,3320.0,JKCEMENT,3320.0,82
2023-07-10 15:25:00+05:30,3321.0,3325.89990234375,3321.0,3325.89990234375,JKCEMENT,3325.89990234375,647
2023-07-10 15:26:00+05:30,3324.5,3329.5,3324.5,3329.0,JKCEMENT,3329.0,440
2023-07-10 15:27:00+05:30,3329.0,3329.0,3325.949951171875,3325.949951171875,JKCEMENT,3325.949951171875,64
2023-07-10 15:28:00+05:30,3322.050048828125,3330.0,3322.050048828125,3330.0,JKCEMENT,3330.0,343
2023-07-10 15:29:00+05:30,3333.0,3338.949951171875,3318.10009765625,3338.5,JKCEMENT,3338.5,476
2023-07-11 09:15:00+05:30,3334.949951171875,3335.949951171875,3321.60009765625,3335.949951171875,JKCEMENT,3335.949951171875,340
2023-07-11 09:16:00+05:30,3337.949951171875,3337.949951171875,3327.10009765625,3327.10009765625,JKCEMENT,3327.10009765625,1300
2023-07-11 09:17:00+05:30,3327.199951171875,3327.25,3326.60009765625,3327.0,JKCEMENT,3327.0,20
2023-07-11 09:18:00+05:30,3325.050048828125,3330.60009765625,3325.050048828125,3330.60009765625,JKCEMENT,3330.60009765625,47
2023-07-11 09:19:00+05:30,3329.199951171875,3329.199951171875,3322.0,3324.35009765625,JKCEMENT,3324.35009765625,235
2023-07-11 09:20:00+05:30,3322.0,3322.10009765625,3320.0,3320.0,JKCEMENT,3320.0,232
2023-07-11 09:21:00+05:30,3320.0,3320.0,3317.10009765625,3317.10009765625,JKCEMENT,3317.10009765625,116
2023-07-11 09:22:00+05:30,3317.0,3317.35009765625,3315.0,3315.0,JKCEMENT,3315.0,262
2023-07-11 09:24:00+05:30,3317.39990234375,3317.39990234375,3315.35009765625,3315.35009765625,JKCEMENT,3315.35009765625,61
2023-07-11 09:25:00+05:30,3315.35009765625,3319.949951171875,3315.35009765625,3316.10009765625,JKCEMENT,3316.10009765625,340
2023-07-11 09:26:00+05:30,3314.0,3314.0,3310.89990234375,3310.89990234375,JKCEMENT,3310.89990234375,712
2023-07-11 09:27:00+05:30,3313.0,3313.0,3310.0,3310.0,JKCEMENT,3310.0,12
2023-07-11 09:28:00+05:30,3310.0,3310.14990234375,3305.10009765625,3305.10009765625,JKCEMENT,3305.10009765625,117
2023-07-11 09:29:00+05:30,3308.800048828125,3311.25,3308.800048828125,3311.25,JKCEMENT,3311.25,729
2023-07-11 09:30:00+05:30,3313.699951171875,3313.699951171875,3311.050048828125,3313.64990234375,JKCEMENT,3313.64990234375,36
2023-07-11 09:31:00+05:30,3313.699951171875,3314.300048828125,3313.699951171875,3314.300048828125,JKCEMENT,3314.300048828125,79
2023-07-11 09:33:00+05:30,3315.14990234375,3317.0,3315.14990234375,3317.0,JKCEMENT,3317.0,15
2023-07-11 09:34:00+05:30,3317.5,3320.0,3317.5,3320.0,JKCEMENT,3320.0,922
2023-07-11 09:35:00+05:30,3319.25,3319.25,3319.25,3319.25,JKCEMENT,3319.25,119
2023-07-11 09:36:00+05:30,3321.0,3321.300048828125,3319.39990234375,3320.0,JKCEMENT,3320.0,210
2023-07-11 09:37:00+05:30,3320.0,3320.0,3320.0,3320.0,JKCEMENT,3320.0,0
2023-07-11 09:38:00+05:30,3322.550048828125,3322.550048828125,3322.550048828125,3322.550048828125,JKCEMENT,3322.550048828125,73
2023-07-11 09:39:00+05:30,3322.14990234375,3322.14990234375,3322.14990234375,3322.14990234375,JKCEMENT,3322.14990234375,0
2023-07-11 09:40:00+05:30,3319.85009765625,3320.0,3318.699951171875,3320.0,JKCEMENT,3320.0,84
2023-07-11 09:41:00+05:30,3320.0,3321.050048828125,3320.0,3321.050048828125,JKCEMENT,3321.050048828125,28
2023-07-11 09:42:00+05:30,3321.050048828125,3321.050048828125,3321.050048828125,3321.050048828125,JKCEMENT,3321.050048828125,12
2023-07-11 09:43:00+05:30,3320.199951171875,3321.050048828125,3320.050048828125,3320.050048828125,JKCEMENT,3320.050048828125,153
2023-07-11 09:44:00+05:30,3321.89990234375,3321.89990234375,3321.89990234375,3321.89990234375,JKCEMENT,3321.89990234375,0
2023-07-11 09:45:00+05:30,3321.60009765625,3321.60009765625,3320.0,3320.0,JKCEMENT,3320.0,31
2023-07-11 09:47:00+05:30,3320.050048828125,3320.89990234375,3319.199951171875,3320.0,JKCEMENT,3320.0,105
2023-07-11 09:49:00+05:30,3320.0,3321.800048828125,3320.0,3321.800048828125,JKCEMENT,3321.800048828125,17
2023-07-11 09:50:00+05:30,3320.0,3320.0,3320.0,3320.0,JKCEMENT,3320.0,36
2023-07-11 09:52:00+05:30,3320.050048828125,3322.0,3319.800048828125,3319.800048828125,JKCEMENT,3319.800048828125,374
2023-07-11 09:53:00+05:30,3319.25,3319.25,3319.25,3319.25,JKCEMENT,3319.25,58
2023-07-11 09:54:00+05:30,3322.199951171875,3322.199951171875,3322.199951171875,3322.199951171875,JKCEMENT,3322.199951171875,31
2023-07-11 09:55:00+05:30,3322.199951171875,3322.39990234375,3322.199951171875,3322.39990234375,JKCEMENT,3322.39990234375,39
2023-07-11 09:56:00+05:30,3322.800048828125,3322.800048828125,3320.0,3320.0,JKCEMENT,3320.0,72
2023-07-11 09:57:00+05:30,3321.89990234375,3321.89990234375,3321.89990234375,3321.89990234375,JKCEMENT,3321.89990234375,0
2023-07-11 09:58:00+05:30,3321.89990234375,3321.89990234375,3321.89990234375,3321.89990234375,JKCEMENT,3321.89990234375,72
2023-07-11 09:59:00+05:30,3320.050048828125,3320.050048828125,3320.050048828125,3320.050048828125,JKCEMENT,3320.050048828125,0
2023-07-11 10:00:00+05:30,3321.10009765625,3322.0,3321.10009765625,3322.0,JKCEMENT,3322.0,64
2023-07-11 10:02:00+05:30,3322.0,3322.75,3320.199951171875,3322.75,JKCEMENT,3322.75,93
2023-07-11 10:03:00+05:30,3322.75,3322.75,3321.949951171875,3321.949951171875,JKCEMENT,3321.949951171875,28
2023-07-11 10:04:00+05:30,3321.949951171875,3322.89990234375,3321.949951171875,3322.89990234375,JKCEMENT,3322.89990234375,11
2023-07-11 10:05:00+05:30,3322.949951171875,3322.949951171875,3322.949951171875,3322.949951171875,JKCEMENT,3322.949951171875,13
2023-07-11 10:06:00+05:30,3322.85009765625,3322.949951171875,3320.5,3322.35009765625,JKCEMENT,3322.35009765625,28
2023-07-11 10:07:00+05:30,3321.949951171875,3322.050048828125,3321.949951171875,3321.949951171875,JKCEMENT,3321.949951171875,0
2023-07-11 10:08:00+05:30,3322.050048828125,3322.050048828125,3321.949951171875,3322.0,JKCEMENT,3322.0,23
2023-07-11 10:09:00+05:30,3322.0,3322.0,3322.0,3322.0,JKCEMENT,3322.0,1
2023-07-11 10:10:00+05:30,3322.050048828125,3322.050048828125,3320.050048828125,3320.050048828125,JKCEMENT,3320.050048828125,30
2023-07-11 10:11:00+05:30,3320.050048828125,3320.050048828125,3319.39990234375,3320.0,JKCEMENT,3320.0,152
2023-07-11 10:12:00+05:30,3321.949951171875,3321.949951171875,3321.949951171875,3321.949951171875,JKCEMENT,3321.949951171875,6
2023-07-11 10:14:00+05:30,3320.0,3321.89990234375,3320.0,3321.89990234375,JKCEMENT,3321.89990234375,43
2023-07-11 10:15:00+05:30,3321.89990234375,3321.89990234375,3321.89990234375,3321.89990234375,JKCEMENT,3321.89990234375,6
2023-07-11 10:16:00+05:30,3321.89990234375,3321.89990234375,3321.89990234375,3321.89990234375,JKCEMENT,3321.89990234375,1
2023-07-11 10:17:00+05:30,3321.89990234375,3321.89990234375,3321.89990234375,3321.89990234375,JKCEMENT,3321.89990234375,83
2023-07-11 10:18:00+05:30,3321.0,3321.0,3319.5,3320.0,JKCEMENT,3320.0,24
2023-07-11 10:19:00+05:30,3320.10009765625,3320.10009765625,3320.0,3320.0,JKCEMENT,3320.0,115
2023-07-11 10:21:00+05:30,3320.5,3320.5,3320.5,3320.5,JKCEMENT,3320.5,4
2023-07-11 10:24:00+05:30,3321.85009765625,3321.85009765625,3320.5,3320.5,JKCEMENT,3320.5,39
2023-07-11 10:25:00+05:30,3320.0,3320.0,3319.14990234375,3320.0,JKCEMENT,3320.0,301
2023-07-11 10:27:00+05:30,3319.300048828125,3320.60009765625,3319.300048828125,3320.60009765625,JKCEMENT,3320.60009765625,0
2023-07-11 10:28:00+05:30,3320.0,3320.0,3320.0,3320.0,JKCEMENT,3320.0,3
2023-07-11 10:30:00+05:30,3320.0,3320.0,3320.0,3320.0,JKCEMENT,3320.0,4
2023-07-11 10:31:00+05:30,3320.0,3320.0,3320.0,3320.0,JKCEMENT,3320.0,7
2023-07-11 10:32:00+05:30,3319.35009765625,3320.60009765625,3319.35009765625,3320.60009765625,JKCEMENT,3320.60009765625,8
2023-07-11 10:35:00+05:30,3322.5,3322.699951171875,3322.300048828125,3322.300048828125,JKCEMENT,3322.300048828125,671
2023-07-11 10:36:00+05:30,3322.050048828125,3322.050048828125,3322.050048828125,3322.050048828125,JKCEMENT,3322.050048828125,2
2023-07-11 10:37:00+05:30,3323.39990234375,3323.39990234375,3323.39990234375,3323.39990234375,JKCEMENT,3323.39990234375,0
2023-07-11 10:38:00+05:30,3321.39990234375,3321.39990234375,3321.39990234375,3321.39990234375,JKCEMENT,3321.39990234375,2
2023-07-11 10:39:00+05:30,3321.39990234375,3323.550048828125,3321.39990234375,3323.550048828125,JKCEMENT,3323.550048828125,52
2023-07-11 10:40:00+05:30,3322.550048828125,3322.550048828125,3322.550048828125,3322.550048828125,JKCEMENT,3322.550048828125,0
2023-07-11 10:41:00+05:30,3322.60009765625,3325.0,3322.60009765625,3325.0,JKCEMENT,3325.0,26
2023-07-11 10:42:00+05:30,3322.800048828125,3322.800048828125,3322.800048828125,3322.800048828125,JKCEMENT,3322.800048828125,0
2023-07-11 10:45:00+05:30,3325.0,3325.0,3325.0,3325.0,JKCEMENT,3325.0,15
2023-07-11 10:46:00+05:30,3324.949951171875,3324.949951171875,3324.949951171875,3324.949951171875,JKCEMENT,3324.949951171875,1
2023-07-11 10:48:00+05:30,3324.949951171875,3324.949951171875,3324.949951171875,3324.949951171875,JKCEMENT,3324.949951171875,2
2023-07-11 10:49:00+05:30,3324.949951171875,3324.949951171875,3324.949951171875,3324.949951171875,JKCEMENT,3324.949951171875,9
2023-07-11 10:54:00+05:30,3324.89990234375,3324.89990234375,3324.89990234375,3324.89990234375,JKCEMENT,3324.89990234375,50
2023-07-11 10:55:00+05:30,3325.35009765625,3327.949951171875,3325.35009765625,3327.949951171875,JKCEMENT,3327.949951171875,215
2023-07-11 10:56:00+05:30,3328.35009765625,3328.35009765625,3328.35009765625,3328.35009765625,JKCEMENT,3328.35009765625,4
2023-07-11 10:57:00+05:30,3330.64990234375,3330.64990234375,3322.050048828125,3322.050048828125,JKCEMENT,3322.050048828125,767
2023-07-11 10:58:00+05:30,3322.800048828125,3324.0,3321.10009765625,3321.550048828125,JKCEMENT,3321.550048828125,115
2023-07-11 10:59:00+05:30,3323.35009765625,3323.35009765625,3320.300048828125,3320.300048828125,JKCEMENT,3320.300048828125,0
2023-07-11 11:01:00+05:30,3323.39990234375,3323.39990234375,3320.25,3320.25,JKCEMENT,3320.25,71
2023-07-11 11:02:00+05:30,3320.25,3322.5,3320.25,3322.5,JKCEMENT,3322.5,17
2023-07-11 11:03:00+05:30,3322.5,3322.5,3320.25,3320.25,JKCEMENT,3320.25,28
2023-07-11 11:04:00+05:30,3320.199951171875,3320.199951171875,3320.199951171875,3320.199951171875,JKCEMENT,3320.199951171875,34
2023-07-11 11:05:00+05:30,3320.199951171875,3322.35009765625,3320.0,3320.0,JKCEMENT,3320.0,18
2023-07-11 11:06:00+05:30,3320.800048828125,3320.800048828125,3320.0,3320.0,JKCEMENT,3320.0,191
2023-07-11 11:07:00+05:30,3325.050048828125,3325.050048828125,3320.0,3320.0,JKCEMENT,3320.0,468
2023-07-11 11:08:00+05:30,3320.449951171875,3320.449951171875,3320.449951171875,3320.449951171875,JKCEMENT,3320.449951171875,15
2023-07-11 11:09:00+05:30,3319.449951171875,3319.449951171875,3319.449951171875,3319.449951171875,JKCEMENT,3319.449951171875,21
2023-07-11 11:10:00+05:30,3320.0,3322.0,3320.0,3322.0,JKCEMENT,3322.0,25
2023-07-11 11:11:00+05:30,3320.0,3320.0,3320.0,3320.0,JKCEMENT,3320.0,4
2023-07-11 11:14:00+05:30,3321.949951171875,3321.949951171875,3321.949951171875,3321.949951171875,JKCEMENT,3321.949951171875,8
2023-07-11 11:15:00+05:30,3321.949951171875,3321.949951171875,3321.949951171875,3321.949951171875,JKCEMENT,3321.949951171875,0
2023-07-11 11:16:00+05:30,3321.949951171875,3321.949951171875,3321.949951171875,3321.949951171875,JKCEMENT,3321.949951171875,3
2023-07-11 11:18:00+05:30,3320.0,3320.0,3319.10009765625,3319.10009765625,JKCEMENT,3319.10009765625,38
2023-07-11 11:21:00+05:30,3320.050048828125,3320.050048828125,3320.050048828125,3320.050048828125,JKCEMENT,3320.050048828125,8
2023-07-11 11:23:00+05:30,3321.5,3321.5,3321.5,3321.5,JKCEMENT,3321.5,20
2023-07-11 11:24:00+05:30,3320.0,3320.89990234375,3320.0,3320.89990234375,JKCEMENT,3320.89990234375,57
2023-07-11 11:25:00+05:30,3320.0,3321.449951171875,3320.0,3321.449951171875,JKCEMENT,3321.449951171875,85
2023-07-11 11:28:00+05:30,3320.0,3321.300048828125,3320.0,3321.300048828125,JKCEMENT,3321.300048828125,19
2023-07-11 11:30:00+05:30,3321.300048828125,3321.300048828125,3320.0,3320.0,JKCEMENT,3320.0,18
2023-07-11 11:32:00+05:30,3319.14990234375,3319.14990234375,3319.14990234375,3319.14990234375,JKCEMENT,3319.14990234375,29
2023-07-11 11:34:00+05:30,3320.0,3320.0,3320.0,3320.0,JKCEMENT,3320.0,1
2023-07-11 11:36:00+05:30,3321.0,3321.0,3321.0,3321.0,JKCEMENT,3321.0,1
2023-07-11 11:37:00+05:30,3320.89990234375,3320.89990234375,3320.800048828125,3320.800048828125,JKCEMENT,3320.800048828125,2
2023-07-11 11:41:00+05:30,3320.699951171875,3320.699951171875,3320.699951171875,3320.699951171875,JKCEMENT,3320.699951171875,21
2023-07-11 11:43:00+05:30,3320.0,3320.0,3319.14990234375,3319.14990234375,JKCEMENT,3319.14990234375,10
2023-07-11 11:44:00+05:30,3319.10009765625,3320.35009765625,3319.10009765625,3320.35009765625,JKCEMENT,3320.35009765625,75
2023-07-11 11:46:00+05:30,3322.5,3324.89990234375,3321.949951171875,3322.0,JKCEMENT,3322.0,575
2023-07-11 11:48:00+05:30,3325.0,3325.0,3325.0,3325.0,JKCEMENT,3325.0,101
2023-07-11 11:49:00+05:30,3322.699951171875,3324.89990234375,3322.699951171875,3322.699951171875,JKCEMENT,3322.699951171875,93
2023-07-11 11:50:00+05:30,3322.199951171875,3322.199951171875,3322.199951171875,3322.199951171875,JKCEMENT,3322.199951171875,37
2023-07-11 11:51:00+05:30,3323.89990234375,3323.949951171875,3321.949951171875,3323.949951171875,JKCEMENT,3323.949951171875,24
2023-07-11 11:54:00+05:30,3323.949951171875,3324.050048828125,3323.800048828125,3323.800048828125,JKCEMENT,3323.800048828125,123
2023-07-11 11:58:00+05:30,3324.5,3325.14990234375,3324.5,3325.14990234375,JKCEMENT,3325.14990234375,12
2023-07-11 11:59:00+05:30,3324.89990234375,3324.89990234375,3324.89990234375,3324.89990234375,JKCEMENT,3324.89990234375,13
2023-07-11 12:00:00+05:30,3324.89990234375,3324.89990234375,3324.89990234375,3324.89990234375,JKCEMENT,3324.89990234375,28
2023-07-11 12:01:00+05:30,3326.449951171875,3326.449951171875,3322.800048828125,3322.800048828125,JKCEMENT,3322.800048828125,200
2023-07-11 12:02:00+05:30,3324.60009765625,3324.60009765625,3321.800048828125,3321.800048828125,JKCEMENT,3321.800048828125,14
2023-07-11 12:03:00+05:30,3322.800048828125,3322.800048828125,3320.300048828125,3320.300048828125,JKCEMENT,3320.300048828125,11
2023-07-11 12:06:00+05:30,3320.300048828125,3320.300048828125,3320.300048828125,3320.300048828125,JKCEMENT,3320.300048828125,3
2023-07-11 12:08:00+05:30,3320.300048828125,3320.300048828125,3320.300048828125,3320.300048828125,JKCEMENT,3320.300048828125,4
2023-07-11 12:13:00+05:30,3322.25,3322.25,3322.25,3322.25,JKCEMENT,3322.25,71
2023-07-11 12:14:00+05:30,3324.14990234375,3324.550048828125,3322.39990234375,3324.550048828125,JKCEMENT,3324.550048828125,30
2023-07-11 12:15:00+05:30,3322.14990234375,3326.64990234375,3322.14990234375,3326.64990234375,JKCEMENT,3326.64990234375,32
2023-07-11 12:16:00+05:30,3325.0,3325.0,3322.64990234375,3322.64990234375,JKCEMENT,3322.64990234375,106
2023-07-11 12:17:00+05:30,3322.949951171875,3324.85009765625,3322.949951171875,3324.85009765625,JKCEMENT,3324.85009765625,8
2023-07-11 12:18:00+05:30,3322.39990234375,3322.39990234375,3322.39990234375,3322.39990234375,JKCEMENT,3322.39990234375,0
2023-07-11 12:20:00+05:30,3321.0,3321.449951171875,3321.0,3321.449951171875,JKCEMENT,3321.449951171875,16
2023-07-11 12:24:00+05:30,3322.199951171875,3322.199951171875,3322.199951171875,3322.199951171875,JKCEMENT,3322.199951171875,5
2023-07-11 12:25:00+05:30,3322.0,3322.0,3322.0,3322.0,JKCEMENT,3322.0,51
2023-07-11 12:27:00+05:30,3320.199951171875,3320.5,3320.199951171875,3320.5,JKCEMENT,3320.5,4
2023-07-11 12:28:00+05:30,3320.5,3320.5,3320.0,3320.0,JKCEMENT,3320.0,33
2023-07-11 12:29:00+05:30,3320.0,3320.0,3320.0,3320.0,JKCEMENT,3320.0,122
2023-07-11 12:30:00+05:30,3320.0,3320.0,3320.0,3320.0,JKCEMENT,3320.0,1
2023-07-11 12:31:00+05:30,3320.0,3320.0,3320.0,3320.0,JKCEMENT,3320.0,92
2023-07-11 12:32:00+05:30,3320.0,3320.0,3319.10009765625,3319.10009765625,JKCEMENT,3319.10009765625,151
2023-07-11 12:33:00+05:30,3320.699951171875,3320.699951171875,3320.699951171875,3320.699951171875,JKCEMENT,3320.699951171875,0
2023-07-11 12:34:00+05:30,3321.449951171875,3321.449951171875,3320.0,3320.0,JKCEMENT,3320.0,52
2023-07-11 12:35:00+05:30,3319.85009765625,3321.85009765625,3319.85009765625,3321.85009765625,JKCEMENT,3321.85009765625,12
2023-07-11 12:39:00+05:30,3321.85009765625,3321.85009765625,3321.85009765625,3321.85009765625,JKCEMENT,3321.85009765625,3
2023-07-11 12:40:00+05:30,3321.85009765625,3321.85009765625,3321.85009765625,3321.85009765625,JKCEMENT,3321.85009765625,15
2023-07-11 12:42:00+05:30,3320.0,3321.449951171875,3320.0,3321.449951171875,JKCEMENT,3321.449951171875,74
2023-07-11 12:44:00+05:30,3319.449951171875,3319.449951171875,3319.449951171875,3319.449951171875,JKCEMENT,3319.449951171875,29
2023-07-11 12:45:00+05:30,3320.0,3321.949951171875,3320.0,3321.949951171875,JKCEMENT,3321.949951171875,81
2023-07-11 12:52:00+05:30,3321.0,3321.0,3321.0,3321.0,JKCEMENT,3321.0,0
2023-07-11 12:53:00+05:30,3321.0,3321.0,3321.0,3321.0,JKCEMENT,3321.0,3
2023-07-11 12:54:00+05:30,3321.0,3321.0,3321.0,3321.0,JKCEMENT,3321.0,13
2023-07-11 12:55:00+05:30,3321.949951171875,3321.949951171875,3321.949951171875,3321.949951171875,JKCEMENT,3321.949951171875,0
2023-07-11 12:56:00+05:30,3320.0,3320.85009765625,3320.0,3320.85009765625,JKCEMENT,3320.85009765625,121
2023-07-11 12:57:00+05:30,3318.0,3318.0,3318.0,3318.0,JKCEMENT,3318.0,296
2023-07-11 13:01:00+05:30,3320.0,3320.800048828125,3320.0,3320.0,JKCEMENT,3320.0,168
2023-07-11 13:04:00+05:30,3320.0,3321.5,3320.0,3321.5,JKCEMENT,3321.5,53
2023-07-11 13:11:00+05:30,3320.0,3320.0,3320.0,3320.0,JKCEMENT,3320.0,4
2023-07-11 13:12:00+05:30,3321.949951171875,3322.0,3321.949951171875,3322.0,JKCEMENT,3322.0,154
2023-07-11 13:21:00+05:30,3322.0,3322.0,3322.0,3322.0,JKCEMENT,3322.0,0
2023-07-11 13:23:00+05:30,3323.85009765625,3323.85009765625,3323.85009765625,3323.85009765625,JKCEMENT,3323.85009765625,22
2023-07-11 13:26:00+05:30,3324.949951171875,3325.64990234375,3324.949951171875,3325.64990234375,JKCEMENT,3325.64990234375,190
2023-07-11 13:27:00+05:30,3325.949951171875,3325.949951171875,3325.949951171875,3325.949951171875,JKCEMENT,3325.949951171875,21
2023-07-11 13:28:00+05:30,3325.949951171875,3325.949951171875,3325.949951171875,3325.949951171875,JKCEMENT,3325.949951171875,0
2023-07-11 13:29:00+05:30,3325.949951171875,3325.949951171875,3325.949951171875,3325.949951171875,JKCEMENT,3325.949951171875,8
2023-07-11 13:30:00+05:30,3325.949951171875,3325.949951171875,3324.949951171875,3324.949951171875,JKCEMENT,3324.949951171875,87
2023-07-11 13:31:00+05:30,3325.0,3325.0,3325.0,3325.0,JKCEMENT,3325.0,4
2023-07-11 13:33:00+05:30,3325.0,3325.0,3325.0,3325.0,JKCEMENT,3325.0,0
2023-07-11 13:35:00+05:30,3325.0,3325.0,3325.0,3325.0,JKCEMENT,3325.0,3
2023-07-11 13:36:00+05:30,3325.0,3325.0,3325.0,3325.0,JKCEMENT,3325.0,0
2023-07-11 13:37:00+05:30,3325.0,3325.0,3325.0,3325.0,JKCEMENT,3325.0,41
2023-07-11 13:38:00+05:30,3325.0,3325.0,3325.0,3325.0,JKCEMENT,3325.0,0
2023-07-11 13:39:00+05:30,3325.0,3325.0,3325.0,3325.0,JKCEMENT,3325.0,0
2023-07-11 13:40:00+05:30,3325.949951171875,3325.949951171875,3325.949951171875,3325.949951171875,JKCEMENT,3325.949951171875,8
2023-07-11 13:42:00+05:30,3325.0,3325.0,3325.0,3325.0,JKCEMENT,3325.0,51
2023-07-11 13:43:00+05:30,3325.0,3325.0,3325.0,3325.0,JKCEMENT,3325.0,0
2023-07-11 13:45:00+05:30,3325.0,3325.0,3325.0,3325.0,JKCEMENT,3325.0,34
2023-07-11 13:46:00+05:30,3323.699951171875,3325.0,3323.699951171875,3325.0,JKCEMENT,3325.0,73
2023-07-11 13:47:00+05:30,3325.0,3325.949951171875,3325.0,3325.0,JKCEMENT,3325.0,109
2023-07-11 13:49:00+05:30,3327.0,3327.0,3327.0,3327.0,JKCEMENT,3327.0,8
2023-07-11 13:53:00+05:30,3326.85009765625,3326.89990234375,3325.0,3326.89990234375,JKCEMENT,3326.89990234375,9
2023-07-11 13:54:00+05:30,3323.949951171875,3325.0,3323.949951171875,3325.0,JKCEMENT,3325.0,742
2023-07-11 13:55:00+05:30,3325.550048828125,3325.550048828125,3325.0,3325.0,JKCEMENT,3325.0,8
2023-07-11 13:59:00+05:30,3325.550048828125,3325.949951171875,3325.0,3325.949951171875,JKCEMENT,3325.949951171875,39
2023-07-11 14:00:00+05:30,3327.0,3330.0,3327.0,3330.0,JKCEMENT,3330.0,59
2023-07-11 14:01:00+05:30,3328.550048828125,3332.449951171875,3328.550048828125,3332.449951171875,JKCEMENT,3332.449951171875,15
2023-07-11 14:02:00+05:30,3332.449951171875,3332.449951171875,3332.300048828125,3332.300048828125,JKCEMENT,3332.300048828125,21
2023-07-11 14:03:00+05:30,3332.449951171875,3333.449951171875,3332.449951171875,3333.449951171875,JKCEMENT,3333.449951171875,0
2023-07-11 14:04:00+05:30,3331.800048828125,3331.800048828125,3328.85009765625,3328.85009765625,JKCEMENT,3328.85009765625,117
2023-07-11 14:05:00+05:30,3329.050048828125,3331.10009765625,3329.050048828125,3331.10009765625,JKCEMENT,3331.10009765625,85
2023-07-11 14:07:00+05:30,3331.050048828125,3331.050048828125,3331.050048828125,3331.050048828125,JKCEMENT,3331.050048828125,8
2023-07-11 14:08:00+05:30,3328.699951171875,3328.699951171875,3328.699951171875,3328.699951171875,JKCEMENT,3328.699951171875,1
2023-07-11 14:09:00+05:30,3328.050048828125,3328.050048828125,3327.60009765625,3327.60009765625,JKCEMENT,3327.60009765625,63
2023-07-11 14:11:00+05:30,3327.85009765625,3327.85009765625,3327.85009765625,3327.85009765625,JKCEMENT,3327.85009765625,0
2023-07-11 14:16:00+05:30,3324.949951171875,3325.949951171875,3323.10009765625,3325.949951171875,JKCEMENT,3325.949951171875,206
2023-07-11 14:17:00+05:30,3326.949951171875,3326.949951171875,3326.949951171875,3326.949951171875,JKCEMENT,3326.949951171875,0
2023-07-11 14:18:00+05:30,3326.949951171875,3326.949951171875,3326.949951171875,3326.949951171875,JKCEMENT,3326.949951171875,5
2023-07-11 14:20:00+05:30,3327.0,3327.0,3327.0,3327.0,JKCEMENT,3327.0,10
2023-07-11 14:22:00+05:30,3325.10009765625,3325.10009765625,3325.0,3325.0,JKCEMENT,3325.0,51
2023-07-11 14:23:00+05:30,3324.60009765625,3325.0,3324.5,3324.5,JKCEMENT,3324.5,160
2023-07-11 14:24:00+05:30,3326.800048828125,3326.800048828125,3326.800048828125,3326.800048828125,JKCEMENT,3326.800048828125,4
2023-07-11 14:25:00+05:30,3324.800048828125,3324.800048828125,3324.800048828125,3324.800048828125,JKCEMENT,3324.800048828125,22
2023-07-11 14:27:00+05:30,3325.0,3325.0,3325.0,3325.0,JKCEMENT,3325.0,0
2023-07-11 14:29:00+05:30,3326.550048828125,3326.550048828125,3326.550048828125,3326.550048828125,JKCEMENT,3326.550048828125,54
2023-07-11 14:30:00+05:30,3329.050048828125,3329.050048828125,3329.050048828125,3329.050048828125,JKCEMENT,3329.050048828125,0
2023-07-11 14:31:00+05:30,3329.050048828125,3329.050048828125,3329.050048828125,3329.050048828125,JKCEMENT,3329.050048828125,1
2023-07-11 14:32:00+05:30,3329.050048828125,3329.050048828125,3329.050048828125,3329.050048828125,JKCEMENT,3329.050048828125,115
2023-07-11 14:33:00+05:30,3328.60009765625,3328.60009765625,3327.300048828125,3327.300048828125,JKCEMENT,3327.300048828125,87
2023-07-11 14:34:00+05:30,3329.85009765625,3329.85009765625,3329.85009765625,3329.85009765625,JKCEMENT,3329.85009765625,0
2023-07-11 14:35:00+05:30,3327.75,3333.449951171875,3327.75,3331.89990234375,JKCEMENT,3331.89990234375,280
2023-07-11 14:36:00+05:30,3333.550048828125,3341.0,3333.550048828125,3341.0,JKCEMENT,3341.0,778
2023-07-11 14:37:00+05:30,3341.0,3341.89990234375,3339.10009765625,3340.0,JKCEMENT,3340.0,37
2023-07-11 14:38:00+05:30,3340.0,3340.0,3338.050048828125,3338.050048828125,JKCEMENT,3338.050048828125,137
2023-07-11 14:39:00+05:30,3337.89990234375,3337.89990234375,3337.10009765625,3337.10009765625,JKCEMENT,3337.10009765625,9
2023-07-11 14:40:00+05:30,3334.949951171875,3337.0,3334.949951171875,3334.949951171875,JKCEMENT,3334.949951171875,31
2023-07-11 14:41:00+05:30,3334.949951171875,3334.949951171875,3334.949951171875,3334.949951171875,JKCEMENT,3334.949951171875,0
2023-07-11 14:42:00+05:30,3334.949951171875,3334.949951171875,3334.949951171875,3334.949951171875,JKCEMENT,3334.949951171875,8
2023-07-11 14:43:00+05:30,3334.949951171875,3335.0,3334.949951171875,3335.0,JKCEMENT,3335.0,38
2023-07-11 14:45:00+05:30,3334.449951171875,3334.449951171875,3332.550048828125,3332.550048828125,JKCEMENT,3332.550048828125,106
2023-07-11 14:47:00+05:30,3335.0,3335.800048828125,3335.0,3335.800048828125,JKCEMENT,3335.800048828125,125
2023-07-11 14:49:00+05:30,3337.14990234375,3337.14990234375,3337.14990234375,3337.14990234375,JKCEMENT,3337.14990234375,0
2023-07-11 14:50:00+05:30,3338.050048828125,3338.050048828125,3334.300048828125,3334.300048828125,JKCEMENT,3334.300048828125,267
2023-07-11 14:52:00+05:30,3337.89990234375,3337.89990234375,3337.89990234375,3337.89990234375,JKCEMENT,3337.89990234375,17
2023-07-11 14:53:00+05:30,3335.14990234375,3335.14990234375,3335.14990234375,3335.14990234375,JKCEMENT,3335.14990234375,0
2023-07-11 14:54:00+05:30,3337.64990234375,3337.64990234375,3335.300048828125,3335.300048828125,JKCEMENT,3335.300048828125,113
2023-07-11 14:55:00+05:30,3335.60009765625,3335.699951171875,3335.60009765625,3335.64990234375,JKCEMENT,3335.64990234375,0
2023-07-11 14:59:00+05:30,3337.0,3340.449951171875,3337.0,3338.0,JKCEMENT,3338.0,334
2023-07-11 15:00:00+05:30,3340.39990234375,3345.89990234375,3338.14990234375,3345.89990234375,JKCEMENT,3345.89990234375,288
2023-07-11 15:01:00+05:30,3345.89990234375,3348.39990234375,3345.89990234375,3347.949951171875,JKCEMENT,3347.949951171875,196
2023-07-11 15:02:00+05:30,3347.949951171875,3348.0,3346.199951171875,3348.0,JKCEMENT,3348.0,129
2023-07-11 15:03:00+05:30,3344.0,3345.550048828125,3341.300048828125,3343.0,JKCEMENT,3343.0,169
2023-07-11 15:04:00+05:30,3346.800048828125,3349.949951171875,3346.800048828125,3349.949951171875,JKCEMENT,3349.949951171875,475
2023-07-11 15:05:00+05:30,3349.85009765625,3349.85009765625,3347.300048828125,3349.0,JKCEMENT,3349.0,198
2023-07-11 15:06:00+05:30,3350.0,3350.0,3346.550048828125,3346.550048828125,JKCEMENT,3346.550048828125,265
2023-07-11 15:07:00+05:30,3346.75,3346.75,3345.14990234375,3346.0,JKCEMENT,3346.0,133
2023-07-11 15:08:00+05:30,3348.14990234375,3348.5,3346.050048828125,3348.10009765625,JKCEMENT,3348.10009765625,154
2023-07-11 15:09:00+05:30,3346.050048828125,3350.0,3345.199951171875,3349.75,JKCEMENT,3349.75,576
2023-07-11 15:10:00+05:30,3348.35009765625,3349.949951171875,3348.0,3349.0,JKCEMENT,3349.0,120
2023-07-11 15:11:00+05:30,3349.0,3349.89990234375,3341.10009765625,3342.60009765625,JKCEMENT,3342.60009765625,1155
2023-07-11 15:12:00+05:30,3341.949951171875,3345.10009765625,3341.10009765625,3345.10009765625,JKCEMENT,3345.10009765625,548
2023-07-11 15:13:00+05:30,3345.199951171875,3345.199951171875,3343.14990234375,3345.0,JKCEMENT,3345.0,14
2023-07-11 15:14:00+05:30,3345.10009765625,3345.199951171875,3345.0,3345.199951171875,JKCEMENT,3345.199951171875,34
2023-07-11 15:15:00+05:30,3345.199951171875,3345.199951171875,3342.550048828125,3345.0,JKCEMENT,3345.0,245
2023-07-11 15:16:00+05:30,3345.199951171875,3345.60009765625,3343.0,3343.949951171875,JKCEMENT,3343.949951171875,187
2023-07-11 15:17:00+05:30,3344.050048828125,3344.050048828125,3343.949951171875,3344.050048828125,JKCEMENT,3344.050048828125,89
2023-07-11 15:18:00+05:30,3345.75,3350.550048828125,3345.75,3350.550048828125,JKCEMENT,3350.550048828125,644
2023-07-11 15:19:00+05:30,3350.050048828125,3350.10009765625,3345.0,3347.300048828125,JKCEMENT,3347.300048828125,819
2023-07-11 15:20:00+05:30,3343.5,3348.10009765625,3343.449951171875,3348.10009765625,JKCEMENT,3348.10009765625,262
2023-07-11 15:21:00+05:30,3348.550048828125,3349.64990234375,3348.550048828125,3348.800048828125,JKCEMENT,3348.800048828125,103
2023-07-11 15:22:00+05:30,3352.300048828125,3353.0,3348.85009765625,3352.949951171875,JKCEMENT,3352.949951171875,703
2023-07-11 15:23:00+05:30,3352.89990234375,3355.0,3351.39990234375,3355.0,JKCEMENT,3355.0,156
2023-07-11 15:24:00+05:30,3355.0,3357.25,3355.0,3357.25,JKCEMENT,3357.25,603
2023-07-11 15:25:00+05:30,3360.800048828125,3366.0,3357.5,3365.0,JKCEMENT,3365.0,377
2023-07-11 15:26:00+05:30,3365.0,3365.0,3360.199951171875,3363.949951171875,JKCEMENT,3363.949951171875,758
2023-07-11 15:27:00+05:30,3361.14990234375,3364.0,3360.10009765625,3360.199951171875,JKCEMENT,3360.199951171875,194
2023-07-11 15:28:00+05:30,3360.199951171875,3363.949951171875,3360.0,3361.199951171875,JKCEMENT,3361.199951171875,1422
2023-07-11 15:29:00+05:30,3361.949951171875,3362.0,3351.800048828125,3351.800048828125,JKCEMENT,3351.800048828125,383
2023-07-12 09:15:00+05:30,3360.25,3360.25,3340.25,3340.25,JKCEMENT,3340.25,0
2023-07-12 09:16:00+05:30,3346.10009765625,3375.0,3346.10009765625,3355.449951171875,JKCEMENT,3355.449951171875,2568
2023-07-12 09:17:00+05:30,3348.89990234375,3350.050048828125,3348.050048828125,3350.050048828125,JKCEMENT,3350.050048828125,123
2023-07-12 09:18:00+05:30,3350.050048828125,3355.25,3349.800048828125,3349.800048828125,JKCEMENT,3349.800048828125,95
2023-07-12 09:19:00+05:30,3350.0,3350.199951171875,3350.0,3350.14990234375,JKCEMENT,3350.14990234375,15
2023-07-12 09:20:00+05:30,3350.64990234375,3354.5,3350.0,3350.0,JKCEMENT,3350.0,484
2023-07-12 09:21:00+05:30,3350.0,3351.89990234375,3350.0,3350.0,JKCEMENT,3350.0,1290
2023-07-12 09:22:00+05:30,3350.0,3352.89990234375,3347.199951171875,3352.0,JKCEMENT,3352.0,752
2023-07-12 09:23:00+05:30,3353.949951171875,3354.60009765625,3350.050048828125,3350.050048828125,JKCEMENT,3350.050048828125,130
2023-07-12 09:24:00+05:30,3353.949951171875,3355.89990234375,3351.35009765625,3351.35009765625,JKCEMENT,3351.35009765625,121
2023-07-12 09:25:00+05:30,3355.85009765625,3355.85009765625,3352.199951171875,3354.10009765625,JKCEMENT,3354.10009765625,50
2023-07-12 09:26:00+05:30,3352.14990234375,3357.550048828125,3352.14990234375,3355.050048828125,JKCEMENT,3355.050048828125,402
2023-07-12 09:28:00+05:30,3350.60009765625,3351.300048828125,3347.050048828125,3351.300048828125,JKCEMENT,3351.300048828125,1083
2023-07-12 09:29:00+05:30,3350.699951171875,3350.699951171875,3350.64990234375,3350.64990234375,JKCEMENT,3350.64990234375,224
2023-07-12 09:30:00+05:30,3350.64990234375,3350.64990234375,3340.5,3344.0,JKCEMENT,3344.0,308
2023-07-12 09:31:00+05:30,3346.300048828125,3347.800048828125,3346.300048828125,3347.14990234375,JKCEMENT,3347.14990234375,83
2023-07-12 09:32:00+05:30,3346.949951171875,3347.800048828125,3346.949951171875,3347.800048828125,JKCEMENT,3347.800048828125,20
2023-07-12 09:33:00+05:30,3345.60009765625,3345.60009765625,3345.60009765625,3345.60009765625,JKCEMENT,3345.60009765625,13
2023-07-12 09:34:00+05:30,3345.0,3345.0,3341.25,3341.699951171875,JKCEMENT,3341.699951171875,162
2023-07-12 09:35:00+05:30,3340.699951171875,3342.5,3339.699951171875,3340.050048828125,JKCEMENT,3340.050048828125,644
2023-07-12 09:36:00+05:30,3340.0,3340.199951171875,3340.0,3340.199951171875,JKCEMENT,3340.199951171875,133
2023-07-12 09:37:00+05:30,3340.199951171875,3340.199951171875,3340.199951171875,3340.199951171875,JKCEMENT,3340.199951171875,37
2023-07-12 09:38:00+05:30,3340.0,3341.800048828125,3340.0,3341.800048828125,JKCEMENT,3341.800048828125,271
2023-07-12 09:39:00+05:30,3341.800048828125,3341.800048828125,3340.0,3340.0,JKCEMENT,3340.0,26
2023-07-12 09:40:00+05:30,3340.050048828125,3341.85009765625,3340.0,3341.5,JKCEMENT,3341.5,68
2023-07-12 09:41:00+05:30,3339.949951171875,3339.949951171875,3339.949951171875,3339.949951171875,JKCEMENT,3339.949951171875,31
2023-07-12 09:43:00+05:30,3338.800048828125,3340.10009765625,3338.800048828125,3340.0,JKCEMENT,3340.0,5143
2023-07-12 09:44:00+05:30,3340.0,3340.5,3337.64990234375,3339.39990234375,JKCEMENT,3339.39990234375,304
2023-07-12 09:45:00+05:30,3339.300048828125,3341.0,3339.300048828125,3339.800048828125,JKCEMENT,3339.800048828125,29
2023-07-12 09:46:00+05:30,3341.60009765625,3341.60009765625,3340.0,3340.0,JKCEMENT,3340.0,162
2023-07-12 09:47:00+05:30,3340.85009765625,3341.550048828125,3339.89990234375,3339.89990234375,JKCEMENT,3339.89990234375,354
2023-07-12 09:48:00+05:30,3340.0,3340.800048828125,3339.199951171875,3340.0,JKCEMENT,3340.0,441
2023-07-12 09:49:00+05:30,3340.0,3340.0,3340.0,3340.0,JKCEMENT,3340.0,976
2023-07-12 09:50:00+05:30,3340.0,3340.0,3340.0,3340.0,JKCEMENT,3340.0,70
2023-07-12 09:51:00+05:30,3340.0,3340.0,3339.050048828125,3339.75,JKCEMENT,3339.75,2848
2023-07-12 09:52:00+05:30,3340.0,3340.0,3340.0,3340.0,JKCEMENT,3340.0,26
2023-07-12 09:53:00+05:30,3340.0,3340.0,3340.0,3340.0,JKCEMENT,3340.0,41
2023-07-12 09:54:00+05:30,3341.85009765625,3341.85009765625,3339.75,3339.75,JKCEMENT,3339.75,65
2023-07-12 09:55:00+05:30,3341.89990234375,3343.550048828125,3340.0,3340.0,JKCEMENT,3340.0,48
2023-07-12 09:56:00+05:30,3340.449951171875,3340.449951171875,3339.64990234375,3340.0,JKCEMENT,3340.0,534
2023-07-12 09:57:00+05:30,3343.14990234375,3343.14990234375,3340.0,3340.0,JKCEMENT,3340.0,79
2023-07-12 09:58:00+05:30,3340.25,3340.25,3339.0,3339.0,JKCEMENT,3339.0,305
2023-07-12 09:59:00+05:30,3340.0,3340.0,3340.0,3340.0,JKCEMENT,3340.0,11
2023-07-12 10:00:00+05:30,3340.14990234375,3340.14990234375,3340.0,3340.0,JKCEMENT,3340.0,13
2023-07-12 10:01:00+05:30,3343.449951171875,3343.449951171875,3343.449951171875,3343.449951171875,JKCEMENT,3343.449951171875,137
2023-07-12 10:02:00+05:30,3344.39990234375,3344.39990234375,3340.050048828125,3340.050048828125,JKCEMENT,3340.050048828125,82
2023-07-12 10:03:00+05:30,3340.050048828125,3340.050048828125,3340.050048828125,3340.050048828125,JKCEMENT,3340.050048828125,7
2023-07-12 10:04:00+05:30,3340.0,3343.0,3340.0,3343.0,JKCEMENT,3343.0,71
2023-07-12 10:05:00+05:30,3342.85009765625,3344.0,3342.64990234375,3342.64990234375,JKCEMENT,3342.64990234375,316
2023-07-12 10:06:00+05:30,3342.0,3342.0,3341.35009765625,3341.35009765625,JKCEMENT,3341.35009765625,10
2023-07-12 10:07:00+05:30,3343.89990234375,3344.10009765625,3342.699951171875,3342.699951171875,JKCEMENT,3342.699951171875,43
2023-07-12 10:09:00+05:30,3344.050048828125,3344.89990234375,3344.050048828125,3344.89990234375,JKCEMENT,3344.89990234375,23
2023-07-12 10:10:00+05:30,3343.25,3343.25,3340.550048828125,3340.550048828125,JKCEMENT,3340.550048828125,50
2023-07-12 10:11:00+05:30,3342.949951171875,3342.949951171875,3342.300048828125,3342.300048828125,JKCEMENT,3342.300048828125,190
2023-07-12 10:12:00+05:30,3340.449951171875,3342.75,3340.0,3340.85009765625,JKCEMENT,3340.85009765625,0
2023-07-12 10:13:00+05:30,3343.800048828125,3343.800048828125,3343.800048828125,3343.800048828125,JKCEMENT,3343.800048828125,37
2023-07-12 10:14:00+05:30,3342.050048828125,3342.050048828125,3341.89990234375,3341.89990234375,JKCEMENT,3341.89990234375,100
2023-07-12 10:15:00+05:30,3342.10009765625,3342.10009765625,3340.0,3340.0,JKCEMENT,3340.0,40
2023-07-12 10:16:00+05:30,3340.0,3340.949951171875,3340.0,3340.949951171875,JKCEMENT,3340.949951171875,0
2023-07-12 10:17:00+05:30,3342.949951171875,3342.949951171875,3342.949951171875,3342.949951171875,JKCEMENT,3342.949951171875,7
2023-07-12 10:18:00+05:30,3343.0,3343.0,3341.10009765625,3341.10009765625,JKCEMENT,3341.10009765625,221
2023-07-12 10:19:00+05:30,3343.0,3343.0,3341.0,3341.0,JKCEMENT,3341.0,11
2023-07-12 10:23:00+05:30,3341.0,3341.0,3341.0,3341.0,JKCEMENT,3341.0,15
2023-07-12 10:24:00+05:30,3342.60009765625,3342.60009765625,3338.5,3338.5,JKCEMENT,3338.5,17
2023-07-12 10:25:00+05:30,3339.39990234375,3339.39990234375,3339.39990234375,3339.39990234375,JKCEMENT,3339.39990234375,54
2023-07-12 10:26:00+05:30,3340.050048828125,3340.050048828125,3340.050048828125,3340.050048828125,JKCEMENT,3340.050048828125,46
2023-07-12 10:27:00+05:30,3336.0,3338.10009765625,3336.0,3338.10009765625,JKCEMENT,3338.10009765625,8
2023-07-12 10:28:00+05:30,3336.14990234375,3336.14990234375,3336.0,3336.0,JKCEMENT,3336.0,50
2023-07-12 10:29:00+05:30,3336.0,3336.0,3336.0,3336.0,JKCEMENT,3336.0,49
2023-07-12 10:31:00+05:30,3336.199951171875,3336.199951171875,3336.199951171875,3336.199951171875,JKCEMENT,3336.199951171875,18
2023-07-12 10:32:00+05:30,3335.050048828125,3335.050048828125,3335.0,3335.0,JKCEMENT,3335.0,37
2023-07-12 10:33:00+05:30,3335.0,3335.0,3335.0,3335.0,JKCEMENT,3335.0,290
2023-07-12 10:34:00+05:30,3334.949951171875,3337.949951171875,3333.64990234375,3337.949951171875,JKCEMENT,3337.949951171875,370
2023-07-12 10:35:00+05:30,3338.35009765625,3338.35009765625,3336.199951171875,3337.949951171875,JKCEMENT,3337.949951171875,56
2023-07-12 10:36:00+05:30,3336.199951171875,3336.199951171875,3335.0,3335.0,JKCEMENT,3335.0,436
2023-07-12 10:39:00+05:30,3335.0,3335.0,3335.0,3335.0,JKCEMENT,3335.0,2
2023-07-12 10:40:00+05:30,3337.39990234375,3337.39990234375,3337.39990234375,3337.39990234375,JKCEMENT,3337.39990234375,51
2023-07-12 10:41:00+05:30,3337.050048828125,3337.050048828125,3337.050048828125,3337.050048828125,JKCEMENT,3337.050048828125,1
2023-07-12 10:42:00+05:30,3335.050048828125,3335.050048828125,3335.050048828125,3335.050048828125,JKCEMENT,3335.050048828125,19
2023-07-12 10:44:00+05:30,3340.199951171875,3340.199951171875,3338.949951171875,3338.949951171875,JKCEMENT,3338.949951171875,131
2023-07-12 10:45:00+05:30,3340.0,3340.0,3340.0,3340.0,JKCEMENT,3340.0,4
2023-07-12 10:47:00+05:30,3342.0,3344.0,3342.0,3342.050048828125,JKCEMENT,3342.050048828125,64
2023-07-12 10:48:00+05:30,3341.300048828125,3341.300048828125,3341.300048828125,3341.300048828125,JKCEMENT,3341.300048828125,0
2023-07-12 10:50:00+05:30,3344.0,3344.0,3344.0,3344.0,JKCEMENT,3344.0,13
2023-07-12 10:51:00+05:30,3344.0,3345.0,3344.0,3345.0,JKCEMENT,3345.0,65
2023-07-12 10:54:00+05:30,3344.85009765625,3344.85009765625,3344.85009765625,3344.85009765625,JKCEMENT,3344.85009765625,17
2023-07-12 10:55:00+05:30,3345.0,3345.0,3343.5,3343.5,JKCEMENT,3343.5,44
2023-07-12 10:56:00+05:30,3340.14990234375,3340.14990234375,3340.14990234375,3340.14990234375,JKCEMENT,3340.14990234375,7
2023-07-12 10:57:00+05:30,3339.699951171875,3339.699951171875,3339.699951171875,3339.699951171875,JKCEMENT,3339.699951171875,0
2023-07-12 10:58:00+05:30,3338.0,3338.0,3338.0,3338.0,JKCEMENT,3338.0,36
2023-07-12 11:02:00+05:30,3341.75,3341.75,3340.10009765625,3340.10009765625,JKCEMENT,3340.10009765625,2
2023-07-12 11:03:00+05:30,3341.25,3341.25,3341.25,3341.25,JKCEMENT,3341.25,1
2023-07-12 11:04:00+05:30,3344.699951171875,3344.699951171875,3344.699951171875,3344.699951171875,JKCEMENT,3344.699951171875,26
2023-07-12 11:05:00+05:30,3344.89990234375,3345.10009765625,3344.89990234375,3345.10009765625,JKCEMENT,3345.10009765625,466
2023-07-12 11:06:00+05:30,3345.199951171875,3346.050048828125,3345.199951171875,3346.050048828125,JKCEMENT,3346.050048828125,76
2023-07-12 11:08:00+05:30,3347.800048828125,3347.800048828125,3347.800048828125,3347.800048828125,JKCEMENT,3347.800048828125,2
2023-07-12 11:09:00+05:30,3350.25,3351.949951171875,3350.25,3351.949951171875,JKCEMENT,3351.949951171875,58
2023-07-12 11:10:00+05:30,3352.0,3353.0,3352.0,3353.0,JKCEMENT,3353.0,32
2023-07-12 11:11:00+05:30,3353.0,3353.0,3353.0,3353.0,JKCEMENT,3353.0,74
2023-07-12 11:12:00+05:30,3348.35009765625,3352.10009765625,3348.35009765625,3352.10009765625,JKCEMENT,3352.10009765625,372
2023-07-12 11:15:00+05:30,3347.800048828125,3347.800048828125,3346.550048828125,3346.550048828125,JKCEMENT,3346.550048828125,223
2023-07-12 11:18:00+05:30,3345.0,3345.0,3345.0,3345.0,JKCEMENT,3345.0,2
2023-07-12 11:19:00+05:30,3345.0,3345.0,3345.0,3345.0,JKCEMENT,3345.0,37
2023-07-12 11:20:00+05:30,3345.0,3345.0,3345.0,3345.0,JKCEMENT,3345.0,43
2023-07-12 11:22:00+05:30,3345.949951171875,3347.050048828125,3345.0,3345.0,JKCEMENT,3345.0,0
2023-07-12 11:26:00+05:30,3346.449951171875,3346.449951171875,3346.449951171875,3346.449951171875,JKCEMENT,3346.449951171875,5
2023-07-12 11:27:00+05:30,3347.85009765625,3347.85009765625,3345.0,3345.0,JKCEMENT,3345.0,73
2023-07-12 11:28:00+05:30,3346.89990234375,3348.050048828125,3346.89990234375,3348.050048828125,JKCEMENT,3348.050048828125,10
2023-07-12 11:31:00+05:30,3344.550048828125,3345.0,3344.550048828125,3345.0,JKCEMENT,3345.0,22
2023-07-12 11:34:00+05:30,3347.050048828125,3347.050048828125,3345.0,3345.0,JKCEMENT,3345.0,13
2023-07-12 11:36:00+05:30,3346.800048828125,3346.800048828125,3346.800048828125,3346.800048828125,JKCEMENT,3346.800048828125,0
2023-07-12 11:37:00+05:30,3346.800048828125,3346.800048828125,3346.800048828125,3346.800048828125,JKCEMENT,3346.800048828125,1
2023-07-12 11:38:00+05:30,3346.800048828125,3346.800048828125,3346.800048828125,3346.800048828125,JKCEMENT,3346.800048828125,2
2023-07-12 11:40:00+05:30,3346.699951171875,3346.699951171875,3346.60009765625,3346.60009765625,JKCEMENT,3346.60009765625,21
2023-07-12 11:41:00+05:30,3345.0,3345.0,3345.0,3345.0,JKCEMENT,3345.0,13
2023-07-12 11:45:00+05:30,3345.0,3345.0,3345.0,3345.0,JKCEMENT,3345.0,14
2023-07-12 11:47:00+05:30,3350.0,3350.0,3350.0,3350.0,JKCEMENT,3350.0,0
2023-07-12 11:48:00+05:30,3348.10009765625,3348.10009765625,3348.10009765625,3348.10009765625,JKCEMENT,3348.10009765625,18
2023-07-12 11:50:00+05:30,3348.0,3348.0,3348.0,3348.0,JKCEMENT,3348.0,6
2023-07-12 11:54:00+05:30,3347.5,3347.5,3347.5,3347.5,JKCEMENT,3347.5,2
2023-07-12 11:56:00+05:30,3344.75,3344.75,3344.75,3344.75,JKCEMENT,3344.75,43
2023-07-12 11:58:00+05:30,3346.85009765625,3346.85009765625,3346.85009765625,3346.85009765625,JKCEMENT,3346.85009765625,3
2023-07-12 11:59:00+05:30,3346.89990234375,3346.89990234375,3346.89990234375,3346.89990234375,JKCEMENT,3346.89990234375,11
2023-07-12 12:00:00+05:30,3346.89990234375,3346.89990234375,3345.14990234375,3345.14990234375,JKCEMENT,3345.14990234375,98
2023-07-12 12:01:00+05:30,3345.0,3345.85009765625,3345.0,3345.85009765625,JKCEMENT,3345.85009765625,79
2023-07-12 12:02:00+05:30,3346.699951171875,3347.0,3344.39990234375,3344.39990234375,JKCEMENT,3344.39990234375,80
2023-07-12 12:03:00+05:30,3346.60009765625,3346.85009765625,3344.550048828125,3344.550048828125,JKCEMENT,3344.550048828125,44
2023-07-12 12:04:00+05:30,3345.0,3347.300048828125,3345.0,3347.25,JKCEMENT,3347.25,54
2023-07-12 12:05:00+05:30,3345.35009765625,3347.449951171875,3345.0,3347.39990234375,JKCEMENT,3347.39990234375,52
2023-07-12 12:06:00+05:30,3345.0,3347.5,3345.0,3345.85009765625,JKCEMENT,3345.85009765625,12
2023-07-12 12:08:00+05:30,3345.35009765625,3345.35009765625,3345.35009765625,3345.35009765625,JKCEMENT,3345.35009765625,0
2023-07-12 12:09:00+05:30,3345.050048828125,3347.10009765625,3345.050048828125,3347.10009765625,JKCEMENT,3347.10009765625,27059
2023-07-12 12:10:00+05:30,3347.64990234375,3349.89990234375,3347.64990234375,3349.89990234375,JKCEMENT,3349.89990234375,37
2023-07-12 12:11:00+05:30,3349.10009765625,3349.10009765625,3348.949951171875,3348.949951171875,JKCEMENT,3348.949951171875,3
2023-07-12 12:12:00+05:30,3346.199951171875,3346.199951171875,3346.10009765625,3346.10009765625,JKCEMENT,3346.10009765625,40
2023-07-12 12:13:00+05:30,3345.10009765625,3345.10009765625,3345.10009765625,3345.10009765625,JKCEMENT,3345.10009765625,1
2023-07-12 12:15:00+05:30,3347.14990234375,3347.14990234375,3345.60009765625,3345.60009765625,JKCEMENT,3345.60009765625,38
2023-07-12 12:20:00+05:30,3345.0,3345.0,3345.0,3345.0,JKCEMENT,3345.0,123
2023-07-12 12:22:00+05:30,3345.0,3345.0,3345.0,3345.0,JKCEMENT,3345.0,0
2023-07-12 12:23:00+05:30,3345.10009765625,3345.10009765625,3345.10009765625,3345.10009765625,JKCEMENT,3345.10009765625,41
2023-07-12 12:24:00+05:30,3346.199951171875,3346.199951171875,3346.199951171875,3346.199951171875,JKCEMENT,3346.199951171875,0
2023-07-12 12:25:00+05:30,3345.89990234375,3345.89990234375,3345.89990234375,3345.89990234375,JKCEMENT,3345.89990234375,1
2023-07-12 12:30:00+05:30,3346.85009765625,3346.85009765625,3345.0,3345.0,JKCEMENT,3345.0,9
2023-07-12 12:32:00+05:30,3346.949951171875,3347.64990234375,3346.949951171875,3347.64990234375,JKCEMENT,3347.64990234375,0
2023-07-12 12:33:00+05:30,3345.85009765625,3345.85009765625,3345.85009765625,3345.85009765625,JKCEMENT,3345.85009765625,5
2023-07-12 12:35:00+05:30,3350.60009765625,3350.60009765625,3349.0,3349.0,JKCEMENT,3349.0,591
2023-07-12 12:36:00+05:30,3351.0,3358.800048828125,3351.0,3358.800048828125,JKCEMENT,3358.800048828125,263
2023-07-12 12:37:00+05:30,3356.300048828125,3358.64990234375,3355.699951171875,3355.699951171875,JKCEMENT,3355.699951171875,39
2023-07-12 12:38:00+05:30,3355.550048828125,3357.550048828125,3355.550048828125,3355.64990234375,JKCEMENT,3355.64990234375,13
2023-07-12 12:39:00+05:30,3357.699951171875,3357.699951171875,3357.699951171875,3357.699951171875,JKCEMENT,3357.699951171875,0
2023-07-12 12:40:00+05:30,3355.64990234375,3356.050048828125,3355.64990234375,3356.050048828125,JKCEMENT,3356.050048828125,13
2023-07-12 12:41:00+05:30,3357.64990234375,3357.64990234375,3355.35009765625,3355.35009765625,JKCEMENT,3355.35009765625,103
2023-07-12 12:42:00+05:30,3357.64990234375,3357.64990234375,3356.10009765625,3356.10009765625,JKCEMENT,3356.10009765625,453
2023-07-12 12:43:00+05:30,3356.14990234375,3356.14990234375,3356.14990234375,3356.14990234375,JKCEMENT,3356.14990234375,9
2023-07-12 12:44:00+05:30,3354.89990234375,3355.25,3353.10009765625,3355.25,JKCEMENT,3355.25,629
2023-07-12 12:47:00+05:30,3351.550048828125,3351.550048828125,3350.800048828125,3350.800048828125,JKCEMENT,3350.800048828125,80
2023-07-12 12:48:00+05:30,3349.300048828125,3349.300048828125,3349.300048828125,3349.300048828125,JKCEMENT,3349.300048828125,59
2023-07-12 12:50:00+05:30,3349.300048828125,3349.300048828125,3349.300048828125,3349.300048828125,JKCEMENT,3349.300048828125,14
2023-07-12 12:51:00+05:30,3350.550048828125,3350.550048828125,3349.300048828125,3349.300048828125,JKCEMENT,3349.300048828125,9
2023-07-12 12:53:00+05:30,3349.300048828125,3349.300048828125,3349.300048828125,3349.300048828125,JKCEMENT,3349.300048828125,18
2023-07-12 12:54:00+05:30,3350.550048828125,3350.550048828125,3350.550048828125,3350.550048828125,JKCEMENT,3350.550048828125,6
2023-07-12 12:55:00+05:30,3352.25,3352.449951171875,3351.0,3351.0,JKCEMENT,3351.0,138
2023-07-12 12:56:00+05:30,3351.0,3351.0,3351.0,3351.0,JKCEMENT,3351.0,2
2023-07-12 12:57:00+05:30,3349.800048828125,3349.800048828125,3349.800048828125,3349.800048828125,JKCEMENT,3349.800048828125,19
2023-07-12 12:59:00+05:30,3351.39990234375,3351.39990234375,3351.39990234375,3351.39990234375,JKCEMENT,3351.39990234375,2
2023-07-12 13:01:00+05:30,3351.199951171875,3351.199951171875,3349.5,3349.5,JKCEMENT,3349.5,27
2023-07-12 13:03:00+05:30,3349.300048828125,3349.300048828125,3349.300048828125,3349.300048828125,JKCEMENT,3349.300048828125,14
2023-07-12 13:04:00+05:30,3349.300048828125,3349.300048828125,3349.300048828125,3349.300048828125,JKCEMENT,3349.300048828125,14
2023-07-12 13:05:00+05:30,3351.300048828125,3356.949951171875,3351.300048828125,3354.5,JKCEMENT,3354.5,631
2023-07-12 13:06:00+05:30,3354.10009765625,3356.449951171875,3354.10009765625,3356.39990234375,JKCEMENT,3356.39990234375,47
2023-07-12 13:07:00+05:30,3356.39990234375,3356.39990234375,3354.14990234375,3354.14990234375,JKCEMENT,3354.14990234375,19
2023-07-12 13:08:00+05:30,3356.449951171875,3356.449951171875,3356.449951171875,3356.449951171875,JKCEMENT,3356.449951171875,3
2023-07-12 13:09:00+05:30,3355.35009765625,3356.449951171875,3354.550048828125,3356.10009765625,JKCEMENT,3356.10009765625,233
2023-07-12 13:11:00+05:30,3356.64990234375,3356.64990234375,3356.10009765625,3356.10009765625,JKCEMENT,3356.10009765625,174
2023-07-12 13:12:00+05:30,3355.050048828125,3355.050048828125,3354.25,3354.25,JKCEMENT,3354.25,25
2023-07-12 13:13:00+05:30,3354.10009765625,3354.10009765625,3354.10009765625,3354.10009765625,JKCEMENT,3354.10009765625,10
2023-07-12 13:14:00+05:30,3354.449951171875,3354.449951171875,3354.449951171875,3354.449951171875,JKCEMENT,3354.449951171875,5
2023-07-12 13:17:00+05:30,3354.10009765625,3354.10009765625,3354.10009765625,3354.10009765625,JKCEMENT,3354.10009765625,17
2023-07-12 13:18:00+05:30,3354.10009765625,3354.10009765625,3354.10009765625,3354.10009765625,JKCEMENT,3354.10009765625,8
2023-07-12 13:19:00+05:30,3354.10009765625,3354.10009765625,3354.10009765625,3354.10009765625,JKCEMENT,3354.10009765625,12
2023-07-12 13:20:00+05:30,3354.10009765625,3354.10009765625,3354.10009765625,3354.10009765625,JKCEMENT,3354.10009765625,26
2023-07-12 13:21:00+05:30,3354.10009765625,3354.10009765625,3354.10009765625,3354.10009765625,JKCEMENT,3354.10009765625,19
2023-07-12 13:22:00+05:30,3354.10009765625,3355.449951171875,3354.10009765625,3355.449951171875,JKCEMENT,3355.449951171875,4
2023-07-12 13:23:00+05:30,3354.10009765625,3354.10009765625,3354.10009765625,3354.10009765625,JKCEMENT,3354.10009765625,17
2023-07-12 13:24:00+05:30,3354.10009765625,3356.64990234375,3354.10009765625,3354.14990234375,JKCEMENT,3354.14990234375,155
2023-07-12 13:25:00+05:30,3354.10009765625,3354.10009765625,3354.10009765625,3354.10009765625,JKCEMENT,3354.10009765625,84
2023-07-12 13:26:00+05:30,3354.10009765625,3354.10009765625,3354.10009765625,3354.10009765625,JKCEMENT,3354.10009765625,5
2023-07-12 13:29:00+05:30,3354.10009765625,3354.10009765625,3354.10009765625,3354.10009765625,JKCEMENT,3354.10009765625,0
2023-07-12 13:31:00+05:30,3354.10009765625,3355.699951171875,3354.10009765625,3355.699951171875,JKCEMENT,3355.699951171875,28
2023-07-12 13:32:00+05:30,3354.300048828125,3354.300048828125,3354.300048828125,3354.300048828125,JKCEMENT,3354.300048828125,27
2023-07-12 13:34:00+05:30,3354.10009765625,3354.25,3354.10009765625,3354.25,JKCEMENT,3354.25,10
2023-07-12 13:35:00+05:30,3354.10009765625,3354.10009765625,3354.10009765625,3354.10009765625,JKCEMENT,3354.10009765625,0
2023-07-12 13:36:00+05:30,3354.89990234375,3355.5,3354.89990234375,3355.5,JKCEMENT,3355.5,100
2023-07-12 13:37:00+05:30,3355.10009765625,3355.10009765625,3355.10009765625,3355.10009765625,JKCEMENT,3355.10009765625,0
2023-07-12 13:39:00+05:30,3355.10009765625,3355.10009765625,3355.10009765625,3355.10009765625,JKCEMENT,3355.10009765625,49
2023-07-12 13:40:00+05:30,3355.10009765625,3355.10009765625,3354.10009765625,3354.10009765625,JKCEMENT,3354.10009765625,92
2023-07-12 13:41:00+05:30,3354.10009765625,3354.10009765625,3354.10009765625,3354.10009765625,JKCEMENT,3354.10009765625,192
2023-07-12 13:42:00+05:30,3354.10009765625,3354.10009765625,3351.699951171875,3351.699951171875,JKCEMENT,3351.699951171875,306
2023-07-12 13:43:00+05:30,3349.89990234375,3349.89990234375,3342.0,3342.0,JKCEMENT,3342.0,501
2023-07-12 13:44:00+05:30,3345.14990234375,3347.25,3336.050048828125,3336.050048828125,JKCEMENT,3336.050048828125,11448
2023-07-12 13:45:00+05:30,3335.0,3335.0,3331.0,3331.0,JKCEMENT,3331.0,187
2023-07-12 13:46:00+05:30,3332.699951171875,3332.699951171875,3327.449951171875,3327.449951171875,JKCEMENT,3327.449951171875,150
2023-07-12 13:47:00+05:30,3327.050048828125,3329.14990234375,3327.050048828125,3329.10009765625,JKCEMENT,3329.10009765625,7
2023-07-12 13:48:00+05:30,3329.10009765625,3330.0,3329.050048828125,3330.0,JKCEMENT,3330.0,64
2023-07-12 13:49:00+05:30,3331.25,3334.25,3331.25,3334.199951171875,JKCEMENT,3334.199951171875,117
2023-07-12 13:50:00+05:30,3336.699951171875,3336.699951171875,3335.25,3336.550048828125,JKCEMENT,3336.550048828125,15
2023-07-12 13:51:00+05:30,3336.60009765625,3336.60009765625,3333.85009765625,3333.85009765625,JKCEMENT,3333.85009765625,91
2023-07-12 13:52:00+05:30,3333.85009765625,3333.85009765625,3331.64990234375,3331.64990234375,JKCEMENT,3331.64990234375,36
2023-07-12 13:54:00+05:30,3333.5,3333.5,3333.5,3333.5,JKCEMENT,3333.5,53
2023-07-12 13:55:00+05:30,3331.14990234375,3331.14990234375,3331.0,3331.0,JKCEMENT,3331.0,23
2023-07-12 13:57:00+05:30,3331.10009765625,3332.449951171875,3331.0,3331.0,JKCEMENT,3331.0,39
2023-07-12 13:58:00+05:30,3330.0,3330.0,3330.0,3330.0,JKCEMENT,3330.0,141
2023-07-12 13:59:00+05:30,3331.0,3331.10009765625,3330.0,3330.89990234375,JKCEMENT,3330.89990234375,33
2023-07-12 14:00:00+05:30,3330.0,3330.0,3330.0,3330.0,JKCEMENT,3330.0,26
2023-07-12 14:01:00+05:30,3330.89990234375,3330.89990234375,3330.89990234375,3330.89990234375,JKCEMENT,3330.89990234375,41
2023-07-12 14:02:00+05:30,3330.449951171875,3330.449951171875,3330.449951171875,3330.449951171875,JKCEMENT,3330.449951171875,45
2023-07-12 14:03:00+05:30,3332.199951171875,3332.199951171875,3332.199951171875,3332.199951171875,JKCEMENT,3332.199951171875,17
2023-07-12 14:05:00+05:30,3330.39990234375,3330.39990234375,3330.0,3330.0,JKCEMENT,3330.0,233
2023-07-12 14:06:00+05:30,3331.199951171875,3331.199951171875,3331.199951171875,3331.199951171875,JKCEMENT,3331.199951171875,0
2023-07-12 14:07:00+05:30,3330.0,3330.0,3330.0,3330.0,JKCEMENT,3330.0,35
2023-07-12 14:10:00+05:30,3330.0,3330.0,3330.0,3330.0,JKCEMENT,3330.0,8
2023-07-12 14:13:00+05:30,3330.0,3330.0,3320.0,3320.0,JKCEMENT,3320.0,10838
2023-07-12 14:14:00+05:30,3319.5,3319.949951171875,3316.300048828125,3319.25,JKCEMENT,3319.25,78
